codigo|descripcion|abreviatura
75320|DEL CAMINANTE|DEL CAMINANTE
60850|LAMAS INTENDENTE LUIS|INT. LAMAS
36652|CARRASCO OMAR|OMAR  CARRASCO
80480|QOM|QOM
80490|QOMPI|QOMPI
90380|TAREGUEC|TAREGUEC
43520|COSRAGRANDE|COSRAGRANDE
82670|RIOS ANTONIO|A. RIOS
75322|PASEO DE LAS ARTES|DE LAS ARTES
30600|BLANDENGUES|BLANDENGUES
30650|BLANES JUAN MANUEL|BLANES
30700|BLANQUE PEDRO|BLANQUE
30750|BLANQUI ANDRES|BLANQUI
30800|BLOMBERG HECTOR PEDRO|BLOMBERG
30850|BLOTTA ERMINIO ESCULTOR|BLOTTA
30900|BOEDO MARIANO|BOEDO
30950|BOERO|BOERO
31000|BOGADO CNEL. FELIX JOSE|BOGADO
31050|BOGOTA|BOGOTA
31100|BOLIVAR SIMON|BOLIVAR
36100|CARCARAÑA|CARCARAÑA
36150|CARCOVA ERNESTO DE LA|CARCOVA
36200|CARDARELLI|CARDARELLI
36250|CARHUE|CARHUE
36300|CARLES|CARLES
31150|BOLIVIA|BOLIVIA
31200|BOLONIA|BOLONIA
31250|BOMAN ERIC|BOMAN
39750|CHARRUA EL|EL CHARRUA
39800|CHARRUA|CHARRUA
39850|CHASSAING JUAN|CHASSAING
39900|CHAVEZ JORGE|CHAVEZ
39950|CHAZARRETA ANDRES|CHAZARRETA
31300|BONPLAND AMADO|BONPLAND
31400|BOQUERON|BOQUERON
31450|BORDABEHERE DR. ENZO|BORDABEHERE
31500|BOSCO JUAN DON|DON BOSCO
31550|BOSTON|BOSTON
31600|BOUCHARD HIPOLITO|BOUCHARD
31650|BOYD WALKER HEBERTO|BOYD WALKER
31700|BRAILLE LUIS|L. BRAILLE
31745|BRANDONI HIGINIO|BRANDONI
31750|BRANDSEN|BRANDSEN
31800|BRASIL|BRASIL
31850|BRASILIA|BRASILIA
31900|BRASSEY TOMAS|BRASSEY
31950|BRAVARD AUGUSTO|BRAVARD
32000|BRAZO LARGO|BRAZO LARGO
32050|BREMEN|BREMEN
32150|LA BROCA|LA BROCA
32200|BROWN ALMTE. GUILLERMO|G. BROWN
32250|BRUCH CARLOS|C. BRUCH
32300|BRUSELAS|BRUSELAS
32350|BUCEO|BUCEO
32400|BUEN ORDEN|BUEN ORDEN
32450|BUENOS AIRES|BUENOS AIRES
32500|BUFANO ALFREDO|BUFANO
55480|GUARAGNA DOMINGO|D. GUARAGNA
32570|BURIASCO|BURIASCO
32600|BURMEISTER GERMAN|BURMEISTER
32650|BURUCUYA|BURUCUYA
32700|BUYO JOSE MARIA|BUYO
32750|CAAGUAZU|CAAGUAZU
32800|CABAL MARIANO|M. CABAL
14755|MORO JUANA|JUANA MORO
32900|CABANELLAS JUAN|CABANELLAS
32950|CABASSA CNEL. LUIS|CABASSA
33000|CABILDO|CABILDO
33050|CABRAL SARGENTO JUAN B|SGTO. CABRAL
33100|CABRERA JOSE ANTONIO|JOSE CABRERA
33150|CABRERA TOMAS|TOMAS CABRERA
33200|CABRINI MADRE|MADRE CABRINI
33250|CACCIA SANTIAGO|CACCIA
33300|CACHEUTA|CACHEUTA
33350|CACHI|CACHI
33400|CACHIMAYO|CACHIMAYO
33450|CAESAR GOBERNADOR HUGO|H. CAESAR
33500|CAFAYATE|CAFAYATE
33550|CAFFERATA JUAN MANUEL|CAFFERATA
33600|CAGANCHA|CAGANCHA
33650|CAGGIANO CESAR|CAGGIANO
33700|CAICOBE|CAICOBE
33750|CAJARAVILLE MIGUEL Y EUSEB|CAJARAVILLE
33800|CALA|CALA
33850|CALANDRIA|CALANDRIA
33900|CALATRONI RICARDO|CALATRONI
33950|CALCHAQUI|CALCHAQUI
34000|CALDAS JOSE FRANCISCO|J. CALDAS
34050|CALDERON LUIS|CALDERON
34150|CALIFORNIA|CALIFORNIA
34200|CALLAO|CALLAO
34250|CALVO NICOLAS|N. CALVO
34300|CALZADA|CALZADA
34350|CAMAÑA JUAN L.|CAMAÑA
34400|CAMBAY|CAMBAY
34450|CAMBIASSO|CAMBIASSO
34500|LIMITE DEL MUNICIPIO N-1|LIMITE DEL MUNICIPIO N-1
34501|LIMITE DEL MUNICIPIO N-2|LIMITE DEL MUNICIPIO N-2
4001|1218|Calle 1218
34503|LIMITE DEL MUNICIPIO S-2|LIMITE DEL MUNICIPIO S-2
4005|1222|Pje. 1222
34506|LIMITE DEL MUNICIPIO S-1|LIMITE DEL MUNICIPIO S-1
35250|CAMOATI|CAMOATI
35300|CAMPBELL|CAMPBELL
35350|CAMPICHUELO|CAMPICHUELO
35400|DEL CAMPO ESTANISLAO|DEL CAMPO
35450|CAMPODONICO AMANDA|CAMPODONICO
35500|CAMPOS SALLES PRESIDENTE|CAMPOS SALLES
35550|CAÑA DE AMBAR|CAÑA DE AMBAR
35600|CANALS JUAN|J. CANALS
35650|CANDELARIA|CANDELARIA
35700|CANE MIGUEL|M. CANE
35750|CANGALLO|CANGALLO
35800|CANNING JORGE|CANNING
35820|CANTALUPA|CANTALUPA
35850|CANTU|CANTU
35900|CAOBA|CAOBA
35950|CARACAS|CARACAS
35960|CARBALLO LUIS CANDIDO|CARBALLO
36000|CARBIA ROMULO|CARBIA
36050|CARCANO MIGUEL ANGEL|CARCANO
36350|CARMIGNANI JOSE|CARMIGNANI
36400|CARNOT NICOLAS SADI|S. CARNOT
36450|CAROBERA|CAROBERA
36500|CARRANZA ADOLFO S|ADOLFO CARRANZA
36550|CARRANZA ANGEL|ANGEL CARRANZA
36600|CARRASCO EUDORO|EUDORO CARRASCO
36650|CARRASCO GABRIEL|GABRIEL CARRASCO
36680|DE LAS CARRETAS|DE LAS CARRETAS
36700|CARRIEGO EVARISTO|CARRIEGO
36750|DEL CARRIL SALVADOR MARIA|S. DEL CARRIL
36800|CASABLANCA CORNELIO|CASABLANCA
36850|CASACCIA|CASACCIA
36900|CASACUBERTA JUAN A|CASACUBERTA
36950|CASADO DEL ALISAL CARLOS|C. CASADO
37000|CASAL JOAQUINA DE|J. DE CASAL
37050|CASAL MAURICIO J|M. CASAL
37150|LAS CASAS BARTOLOME DE|LAS CASAS
37200|CASAS CASIANO|CASIANO CASAS
37250|CASAS JUAN CARLOS|JUAN CASAS
37300|CASAS MARIO|MARIO CASAS
37350|CASAUX ROBERTO|R. CASAUX
37400|CASELLA MATEO|CASELLA
37450|CASEROS|CASEROS
37500|CASILDA|CASILDA
37550|CASTAGNINO JUAN B|CASTAGNINO
37600|CASTAÑARES|CASTAÑARES
37650|CASTELLANOS AARON|CASTELLANOS
37700|CASTELLI JUAN JOSE|CASTELLI
37750|CASTEX DR. MARIANO|CASTEX
37850|CASTRO BARROS PEDRO IGNACI|CASTRO BARROS
37900|CASTRO ROSALIA|R. CASTRO
37950|CATAMARCA|CATAMARCA
38000|CATORCE DE JULIO|14 DE JULIO
38050|CATRIEL|CATRIEL
38100|CAUPOLICAN|CAUPOLICAN
38150|CAVIA PEDRO F SAENZ DE|CAVIA
38200|CAVOUR|CAVOUR
38250|CAYASTA|CAYASTA
38300|CAZADORES|CAZADORES
38350|CEDRON|CEDRON
38400|OSELLA MUÑOZ ENRIQUE|OSELLA
38450|CEIBO|CEIBO
38550|CENTENARIO|CENTENARIO
38580|CENTENARIO ROSARIO CENTRAL|CENTEN. R. CENTRAL
38600|CENTENERA MARTIN DEL BARCO|CENTENERA
38650|CENTENO CRNEL. DAMASO|CENTENO
38700|CENTRAL ARGENTINO|C. ARGENTINO
38750|CENTRAL CORDOBA|CENTRAL CORDOBA
38800|PUJATO HERNAN|H. PUJATO
38850|CENTRO|CENTRO
11321|1483|Calle 1483
38950|CEPEDA|CEPEDA
39000|LA CERAMICA|LA CERAMICA
39050|CERES|CERES
39100|CERESETO|CERESETO
39150|CERRILLOS|CERRILLOS
39200|CERRITO|CERRITO
39250|CERRO CATEDRAL|CERRO CATEDRAL
39300|CERVANTES SAAVEDRA MIGUEL|M.CERVANTES
39350|CHACABUCO|CHACABUCO
39400|CHACO|CHACO
39450|CHAMPAGNAT SACER MARCELINO|CHAMPAGNAT
39500|CHAMPAQUI|CHAMPAQUI
39550|CHAÑAR|CHAÑAR
39600|CHANCAY|CHANCAY
39650|CHAPARRO FELIX|CHAPARRO
39700|CHARCAS|CHARCAS
77290|PERON EVA|EVA PERON
77300|PERU|PERU
77350|PESSAN GERMAN|PESSAN
77400|PESTALOZZI ENRIQUE|PESTALOZZI
77450|PETION|PETION
40000|CHECOESLOVAQUIA REPUBLICA|CHECOESLOVAQUIA
40050|CHENAUT INDALECIO|CHENAUT
40100|CHICLANA FELICIANO A DE|CHICLANA
40150|CHILABERT MARTINIANO|CHILABERT
40200|CHILE|CHILE
40250|CHIOLA SEBASTIAN|S. CHIOLA
40300|CHIZZINI PROFESOR ANIBAL D|A. CHIZZINI
40350|CHOELE-CHOEL|CHOELE CHOEL
40400|CHOPIN FEDERICO|F. CHOPIN
40450|CHUBUT|CHUBUT
40500|CHUMBICHA|CHUMBICHA
40550|CHUQUISACA|CHUQUISACA
40600|DE LA CIERVA|DE LA CIERVA
40650|CILVETI|CILVETI
40750|CIUDADELA|CIUDADELA
40800|CIVIT EMILIO|E. CIVIT
40850|CLAVEL|CLAVEL
40900|COCAIGNE PEDRO EUGENIO|COCAIGNE
41000|COCHABAMBA|COCHABAMBA
41050|LOS COCOS|LOS COCOS
41100|COFFIN ENRIQUE B|E. COFFIN
41150|COLASTINE|COLASTINE
41200|COLEGIALES|COLEGIALES
41220|COLETTO|COLETTO
41250|COLIBRI|COLIBRI
41350|COLOMBIA|COLOMBIA
41400|COLOMBO LUIS|COLOMBO
41450|COLOMBRES DR. CARLOS G|CARLOS COLOMBRES
41500|COLOMBRES DR. GUILLERMO|G. COLOMBRES
41550|COLOMBRES JOSE E|JOSE COLOMBRES
41600|COLON (NORTE)|COLON (NORTE)
41650|COLON CRISTOBAL|C. COLON
41700|COMAS IGNACIO|I. COMAS
41750|COMENIUS JUAN AMES|COMENIUS
41800|COMERCIO|COMERCIO
41850|CONCEPCION|CONCEPCION
41900|CONCOLORCORVO|CONCOLORCORVO
41950|CONCORDIA|CONCORDIA
42000|CONDE CRNEL. PEDRO|P. CONDE
42050|CONESA EMILIO|E. CONESA
42100|CONFEDERACION|CONFEDERACION
42150|CONGRESO DE TUCUMAN|CONGR. DE TUCUMAN
42200|CONGRESO|CONGRESO
42250|CONI PABLO EMILIO|P. CONI
42300|CONSTITUCION|CONSTITUCION
42350|CONTE DE ALIO CLEMENTINA|CONTE DE ALIO
42400|CONVENCION|CONVENCION
42450|CONWAY MARIA E|CONWAY
42500|COOLIDGE ISABEL B DE|COOLIDGE
42550|COPACABANA|COPACABANA
42600|COPAHUE|COPAHUE
42650|COPERNICO NICOLAS|COPERNICO
42700|COPIAPO|COPIAPO
42750|COPIHUE|COPIHUE
42800|CORAZZI ALFONSO|CORAZZI
42850|CORBELLINI DR. ENRIQUE|CORBELLINI
42900|CORDERO|CORDERO
42950|CORDIVIOLA JUAN B|CORDIVIOLA
43000|CORDOBA|CORDOBA
43050|CORONADO INTDTE. ISAIAS G.|CORONADO
43100|CORONDA|CORONDA
43150|CORRALITO|CORRALITO
43200|CORREA FRANCISCO|CORREA
43250|CORRIENTES|CORRIENTES
43350|CORTES HERNAN|H. CORTES
43400|CORVALAN|CORVALAN
43450|DE LA COSA JUAN|J. DE LA COSA
43500|COSQUIN|COSQUIN
43550|COSTA RICA|COSTA RICA
43600|COSTANERA|COSTANERA
43650|COULIN DR. ROQUE F|COULIN
43700|COUSSIRAT|COUSSIRAT
43750|CRAIG TOMAS|T. CRAIG
43800|CRAMER AMBROSIO|A. CRAMER
43850|CRESPO GOBERNADOR DOMINGO|D. CRESPO
43900|CROTONE|CROTONE
43950|CRUZ CHICA|CRUZ CHICA
44000|CUBA|CUBA
44050|CUCHA-CUCHA|CUCHA CUCHA
44100|CUE DR. VICTOR BIBIAN|VICTOR CUE
44150|CUENCA CLAUDIO MAMERTO|C. CUENCA
44200|CULACIATTI INTDTE. MIGUEL|CULACIATTI
44250|CULLEN Y UGARTE|CULLEN Y UGARTE
44300|CULLEN DOMINGO|D. CULLEN
44350|LA CUMBRE|LA CUMBRE
44400|PENINA JOAQUIN|J. PENINA
44450|CURA JORGE C|J. CURA
44500|CURA-MALAL|CURA-MALAL
44550|CURAPALIGÜE|CURAPALIGÜE
44600|CURIE PEDRO Y MARIA S DE|CURIE
44650|CURUPAY|CURUPAY
44700|CURUPAYTI|CURUPAYTI
44750|CUZCO|CUZCO
44800|DABAT DOLORES|D. DABAT
44850|DALIA|DALIA
44900|DAMAS MENDOCINAS|D. MENDOCINAS
44950|DAMIANOVICH ELEODORO|DAMIANOVICH
45000|DANIEL|DANIEL
45050|DANIERI DR. BARTOLOME|DANIERI
50100|FERNANDEZ MORENO BALDOMERO|FERNANDEZ MORENO
50150|FERNANDEZ CORONEL NESTOR|CNEL.FERNANDEZ
50200|FERNANDEZ DR. JOSE MARIA|J. M. FERNANDEZ
50250|FERNANDO EL CATOLICO|FERN. EL CATOLICO
50300|FERRAN|FERRAN
45100|DARACT JUSTO|J. DARACT
45150|DARIEN|DARIEN
45200|DARIO RUBEN|R. DARIO
45250|DARREGUEIRA JOSE|DARREGUEIRA
45300|DARWIN CARLOS A|C. DARWIN
45350|DAVALOS JUAN CARLOS|DAVALOS
45400|DAYTON|DAYTON
45450|DEBENEDETTI SALVADOR|DEBENEDETTI
45500|DEBUSSY CLAUDE|DEBUSSY
45550|DECRETADA|DECRETADA
45600|DEFILIPPIS NOVOA|DEFILIPPIS
45650|DELIA|DELIA
45700|LAS DELICIAS|LAS DELICIAS
45750|DELIOT AUGUSTO|A. DELIOT
45800|DELIOT ENRIQUE|E. DELIOT
45850|DELIOT JULIA|J. DELIOT
45900|DELIOT V|V. DELIOT
45950|DELLA VALLE ANGEL|A. DELLA VALLE
46000|DELLAROLE VICTOR|DELLAROLE
46050|DERQUI SANTIAGO|S. DERQUI
46100|DESCARTES|DESCARTES
46150|DESMOCHADOS|DESMOCHADOS
46200|DEVOTO|DEVOTO
46250|DEZA DIEGO DE|D. DEZA
46300|DI PIERRI JOSE|DI PIERRI
46350|DIAMANTE|DIAMANTE
46400|DIAZ VELEZ|DIAZ VELEZ
46450|DIAZ EUDORO|EUDORO DIAZ.
46500|DINAMARCA|DINAMARCA
46550|DIRECTORIO|DIRECTORIO
46600|DISCEPOLO ENRIQUE SANTOS|E. DISCEPOLO
46650|DISNEY WALT|W. DISNEY
46700|DOCE DE OCTUBRE|12 DE OCTUBRE
46750|DOERING ADOLFO Y OSCAR|DOERING
46800|DOMINGUEZ RODOLFO S. (CNEL.)|Cnel. DOMINGUEZ
46850|DOMINICANA REPUBLICA|DOMINICANA
46900|DONADO AGUSTIN JOSE|DONADO
46950|DONIZETTI CAYETANO|DONIZETTI
47000|DORADO|DORADO
47050|DORREGO MANUEL|DORREGO
47100|DRAGO LUIS MARIA|L. DRAGO
47150|DRAGONES DE ROSARIO|DRAG. DE ROSARIO
47200|DRUMOND FRANCISCO|DRUMOND
47300|DUBLIN|DUBLIN
47350|DUGRATY|DUGRATY
47400|DUMONT SANTOS|S. DUMONT
47450|ECHAGUE|ECHAGUE
47500|ECHESORTU ANETO|ECHESORTU
47550|ECHEVARRIA VICENTE A|ECHEVARRIA
47600|ECHEVERRIA ESTEBAN|ECHEVERRIA
47650|ECUADOR|ECUADOR
47700|EDISON TOMAS ALVA|EDISON
47800|EINSTEIN ALBERT|EINSTEIN
47850|ELCANO SEBASTIAN|ELCANO
47900|ELIZALDE|ELIZALDE
47950|ENSENADA|ENSENADA
48000|ENTRE RIOS|ENTRE RIOS
48050|ERCILIA ALONSO DE|ERCILIA
48100|ESCALADA CELEDONIO|C. ESCALADA
48150|ESCALADA REMEDIOS DE|R. DE ESCALADA
48200|ESCALANTE JOSE MARIA|ESCALANTE
48250|ESCOCIA|ESCOCIA
48350|ESMERALDA|ESMERALDA
48400|ESNAOLA JUAN PEDRO|ESNAOLA
48450|ESPAÑA|ESPAÑA
48500|ESPAÑOL|ESPAÑOL
48550|ESPERANTO|ESPERANTO
48600|ESPERANZA|ESPERANZA
48650|ESPINILLO|ESPINILLO
48700|ESPORA CNEL. TOMAS|ESPORA
48750|ESQUEL|ESQUEL
48800|ESQUIU FRAY MAMERTO|F. ESQUIU
48850|ESQUIVEL ANTONIO Y JOSE|ESQUIVEL
48900|ESTE|ESTE
48950|ESTECO|ESTECO
49000|ESTERO BELLACO|E. BELLACO
49050|ESTEVEZ FIRMA MAYOR DE|F. ESTEVEZ
49150|ESTRADA JOSE MANUEL|ESTRADA
49200|ESTRELLA FEDERAL|ESTRELLA FEDERAL
49250|ESTUREL CABO 1RO DANIEL|ESTUREL
49300|EVELYN HAROLD|EVELYN
49350|EZEIZA GABINO|EZEIZA
49400|FACCIANO|FACCIANO
49450|FADER FERNANDO|FADER
49500|BIBLIOTECA VIGIL|BIBLIOTECA VIGIL
49550|FALKNER|FALKNER
49600|DE FALLA MANUEL (Barrio Rucci)|M. DE FALLA
49650|DE FALLA MANUEL (Barrio Matheu)|M. DE FALLA
49700|FALUCHO|FALUCHO
49750|FAMAILLA|FAMAILLA
49800|FAMATINA|FAMATINA
49850|FAUSTA|FAUSTA
49900|FEDERACION|FEDERACION
49950|FEIJOO AARON SALMUN|FEIJOO
50000|FELS TEODORO|T. FELS
50050|FERNANDEZ DIAZ DR. RAFAEL|FERNANDEZ DIAZ
50350|FERRAROTTI JUAN LUIS|FERRAROTTI
50400|FERREYRA ANDRES|FERREYRA
50450|FICARELLI|FICARELLI
50500|FIERRO MARTIN|M. FIERRO
50550|FILIBERTO JUAN DE DIOS|FILIBERTO
50600|FILLOL|FILLOL
50620|FINTESCU|FINTESCU
50650|FITZ ROY|FITZ ROY
50700|FLAMMARION CAMILO|FLAMMARION
50750|FLOR DE NACAR|FLOR DE NACAR
50800|FLORENCIA|FLORENCIA
50850|LAS FLORES|LAS FLORES
50900|FLORIDA|FLORIDA
50950|FLYNN FEDERICO J|FLYNN
51000|FOCH MARISCAL|FOCH
51050|FONTANA CORONEL LUIS JORGE|J. FONTANA
51100|FONTANA LUCIO|L. FONTANA
51150|FONTANARROSA POETA DOMINGO|FONTANARROSA
51200|FOREST CAPITAN CARLOS|FOREST
51250|FORMOSA|FORMOSA
51300|FORNELLS EUGENIO|FORNELLS
51350|FORTEZA JORGE|FORTEZA
51400|FOTHERINGHAM GRAL. IGNACIO|FOTHERINGHAM
51450|FOURNIER CESAR|FOURNIER
51500|FRAGA CNEL. ROSENDO MARIA|FRAGA
51550|FRAGATA SARMIENTO|FRAGATA SARMIENTO
51600|FRANCHINI|FRANCHINI
51650|FRANCIA|FRANCIA
51700|FRANCO|FRANCO
51750|FRANK ANNA|ANNA FRANK
51800|FRANKLIN|FRANKLIN
51850|FRANZINI HERRERA DR. ALFRE|FRANZINI
51900|FRENCH DOMINGO|FRENCH
51950|FREYRE MARCELINO|FREYRE
52000|FRIAS FRANCISCO DE|FRIAS
52050|FRIULI|FRIULI
52070|FROSSASCO|FROSSASCO
52100|FUHR TOMAS|FUHR
52150|FUNES DEAN GREGORIO|DEAN FUNES
52200|FUNES PEDRO LINO|P. L. FUNES
52250|GABOTO SEBASTIAN|GABOTO
52300|GALES PRINCIPE DE|PRINCIPE DE GALES
52350|GALICIA|GALICIA
52400|GALILEO GALILEI|GALILEO GALILEI
52450|GALLARDO ANGEL|GALLARDO
52500|GALLEGOS SERVANDO|GALLEGOS
52550|GALLINI MAQUINISTA|GALLINI
52600|GALLO PEDRO LEON|GALLO
52650|GALVEZ JOSE|GALVEZ
52700|GAMBARTES LEONIDAS|GAMBARTES
52750|OTTONE VIRGINIO|OTTONE
52800|GAMONAL|GAMONAL
52850|GARAY JUAN DE|J. DE GARAY
52900|GARCIA DEL COSSIO JOSE SIM|GARCIA DEL COSSIO
52950|GARCIA MANZO|GARCIA MANZO
53000|GARCIA VELLOSO J.J.Y ENRIQ|GARCIA VELLOSO
53050|VALLE JUAN JOSE|J. J. VALLE
53100|GARCIA MANUEL|M. GARCIA
53150|GARCILAZO DE LA VEGA|G. DE LA  VEGA
53200|GARIBALDI JOSE|GARIBALDI
53250|GARMENDIA GRAL. JOSE I|GARMENDIA
53300|GARZON|GARZON
53350|GASPARY FERNANDO|GASPARY
53400|GAZCON ESTEBAN AGUSTIN|GAZCON
53450|GENOVA|GENOVA
53500|GERCHUNOFF ALBERTO|GERCHUNOFF
53550|GANDHI MAHATMA|M. GANDHI
53600|GHIGLIONE PEDRO|GHIGLIONE
53650|GHIONE EMILIO|GHIONE
53700|GHIRALDO ALBERTO|GHIRALDO
53800|GLAVE|GLAVE
53850|GLORIA|GLORIA
53900|GODOY CRUZ TOMAS|GODOY CRUZ
53950|PERON PTE. JUAN DOMINGO|PTE. PERON
54000|GOITIA|GOITIA
54050|GOMENSORO TOMAS J|GOMENSORO
54100|GOMEZ CORNET RAMON|GOMEZ CORNET
62300|LEVI BEPPO|B. LEVI
62350|LIBANO REPUBLICA DEL|LIBANO
62400|DE LA LIBERTAD|DE LA LIBERTAD
54150|GOMEZ VALENTIN|V. GOMEZ
54200|GONZALEZ CASTILLO JOSE|GONZALEZ CASTILLO
54250|GONZALEZ DEL SOLAR ANDRES|GONZALEZ DEL SOLAR
54300|GONZALEZ DR. SABATHIE|G. SABATHIE
54350|GONZALEZ ELPIDIO|ELPIDIO GONZALEZ
54400|GONZALEZ JOAQUIN V|JOAQUIN GONZALEZ
54450|GONZALEZ MANUEL|MANUEL GONZALEZ
54500|GORDILLO TIMOTEO|GORDILLO
54550|GOROSTIAGA|GOROSTIAGA
54600|GORRITI JOSE IGNACIO|GORRITI
54650|GOSSWEILER|GOSSWEILER
54700|GOULD BENJAMIN|B. GOULD
54750|GOYENA|GOYENA
54800|GOYENECHEA|GOYENECHEA
54850|DE LOS GRANADEROS|DE LOS GRANADEROS
53749|GIANNEO LUIS NORTE|L. GIANNEO (NORTE)
54900|GRANADEROS|GRANADEROS
54950|GRANDOLI ABANDERADO CLETO|Ab. GRANDOLI
55000|GRANDOLI FLODUARDO|F. GRANDOLI
55050|GRANEL JOAQUIN|J. GRANEL
55100|ARTURO FRONDIZI|A. FRONDIZI
55150|GRECA ALCIDES|A. GRECA
55200|GRECIA|GRECIA
55250|GRONDONA NICOLAS|GRONDONA
55300|GROUSSAC PAUL|GROUSSAC
55350|GSCHWIND JUAN JORGE|GSCHWIND
55400|GUALEGUAY|GUALEGUAY
55450|GUAMINI|GUAMINI
55500|GUARANI|GUARANI
55550|GUARIA MORADA|GUARIA MORADA
55600|GUATEMALA|GUATEMALA
55650|GUATIMOZIN|GUATIMOZIN
55700|GUAYAQUIL|GUAYAQUIL
55750|GUAYCURU|GUAYCURU
55800|GUAYMALLEN|GUAYMALLEN
55850|GUEMES MARTIN MIGUEL JUAN DE|GUEMES
55900|GUERRICO|GUERRICO
56000|GUIDO Y SPANO CARLOS|GUIDO Y SPANO
56050|GUIDO ARQUITECTO ANGEL|A. GUIDO
56100|GUIDO GENERAL TOMAS|T. GUIDO
56150|GUIRALDES RICARDO|GUIRALDES
56200|GURI|GURI
56250|GURRUCHAGA JOSE D|GURRUCHAGA
56300|GUTENBERG JUAN|GUTENBERG
56350|GUTIERREZ JUAN MARIA|J.M.GUTIERREZ
56400|GUTIERREZ RICARDO|R.GUTIERREZ
56450|HACIENDA DE ESPEJO|HACIENDA DE ESPEJO
56500|HAITI|HAITI
56550|HARDING JORGE S|HARDING
56600|HARRIS PAUL|P. HARRIS
56650|LA HAYA|LA HAYA
56700|HELIOTROPO|HELIOTROPO
56750|LAS HERAS GREGORIO J  DE|LAS HERAS
56800|HERNANDARIAS|HERNANDARIAS
56850|HERNANDEZ JOSE|J. HERNANDEZ
56900|HERRERA DR NICOLAS|N. HERRERA
56950|HERRERO MIRANDA OSCAR|HERRERO MIRANDA
57000|HERTZ|HERTZ
57050|HIPOCRATES|HIPOCRATES
57100|HOLLYWOOD|HOLLYWOOD
57150|HOLMBERG EDUARDO KAILITZ|HOLMBERG
57200|HOMERO|HOMERO
57250|HONDURAS|HONDURAS
57300|HOPKINS EDUARDO A|HOPKINS
57310|HORTENSIA|HORTENSIA
57400|HUDSON GUILLERMO E|HUDSON
57450|HUEMUL|HUEMUL
77500|PETRONE FRANCISCO|PETRONE
77550|PETTINARI PBRO. DOMINGO|PETTINARI
77600|PETUNIA|PETUNIA
77650|PEYRANO|PEYRANO
77700|PEYRET ALEJO|PEYRET
57500|HUERGO INGENIERO|HUERGO
57550|HUERTA GRANDE|H. GRANDE
57600|DEL HUERTO|DEL HUERTO
57650|HUMAHUACA|HUMAHUACA
57700|HUMAITA|HUMAITA
57750|HUMBERTO PRIMERO|HUMBERTO PRIMERO
57800|HUMBOLDT FEDERICO E A|HUMBOLDT
57850|HUNGRIA|HUNGRIA
57900|HUSARES|HUSARES
57950|HUTCHINSON TOMAS J|HUTCHINSON
58000|IBAÑEZ|IBAÑEZ
58050|IBERA|IBERA
58100|IBERIA|IBERIA
58150|IGUAZU|IGUAZU
58190|ILLIA PTE. ARTURO U.|A. ILLIA
58200|IMPERIALE|IMPERIALE
58250|INCAHUASI|INCAHUASI
58300|INDEPENDENCIA|INDEPENDENCIA
58350|DE LOS INDIOS|DE LOS INDIOS
58400|INFANTE INTENDENTE DANIEL|INFANTE
58450|INGENIEROS JOSE|J. INGENIEROS
58480|LOS INMIGRANTES|LOS INMIGRANTES
58500|IPE|IPE
58550|IRALA DOMINGO MARTINEZ DE|D. IRALA
58600|IRIARTE GRAL.TOMAS DE|IRIARTE
58650|IRIGOYEN HIPOLITO|H. IRIGOYEN
58700|IRIONDO GOBERNADOR SIMON|IRIONDO
58750|IRLANDA|IRLANDA
58800|IRURTIA ROGELIO|IRURTIA
58850|ISAACS JORGE|ISAACS
58900|ISABEL LA CATOLICA|ISABEL LA CATOLICA
58950|ISOLA DEMETRIO|ISOLA
59000|ISRAEL ESTADO DE|EST. DE ISRAEL
59050|ITALIA|ITALIA
59100|ITURRASPE DR. JOSE BERNARD|ITURRASPE
59150|ITUZAINGO|ITUZAINGO
59200|IVANOWSKI GRAL.TEOFILO|IVANOWSKI
59250|JACARANDA|JACARANDA
59350|JACQUES AMADEO|JACQUES
59400|JAMAICA|JAMAICA
59450|JAURES JEAN|JAURES
59500|JAZMIN|JAZMIN
59550|JENNER|JENNER
59600|JORGITO|JORGITO
59650|JUAREZ CELMAN MIGUEL|JUAREZ CELMAN
59700|JUAREZ BENITO|B. JUAREZ
59750|JUJUY|JUJUY
59800|JUNCAL|JUNCAL
59850|JUNIN|JUNIN
59900|JUPITER|JUPITER
59950|VENECIA|VENECIA
59952|JURAMENTO|JURAMENTO
60000|JUSTO JUAN B|JUAN B JUSTO
60050|KAY JORGE C DE|J. KAY
60100|KELVIN LORD|LORD KELVIN
60150|KENNEDY PRESIDENTE JOHN F|KENNEDY
60200|KHANTUTA|KHANTUTA
60250|KING JUAN|J. KING
60300|KORN ALEJANDRO|A. KORN
60350|LABARDEN MANUEL J DE|LABARDEN
60400|LACAR|LACAR
60450|LAFERRERE GREGORIO DE|LAFERRERE
60500|LAFINUR JUAN C|LAFINUR
60600|LAGOS RICARDO|RICARDO LAGOS
60650|LAGOS OVIDIO|OVIDIO LAGOS
60700|LAGUNA NICOLAS|N. LAGUNA
60750|LAINEZ MANUEL|LAINEZ
60800|LAMADRID GREGORIO ARAOZ D|LAMADRID
60900|EGUREN|EGUREN
60950|LAMBARE|LAMBARE
61000|LAPLACE PEDRO SIMON|LAPLACE
61050|LAPORTE INGENIERO LUIS|LAPORTE
61100|LAPRADE FERMIN|LAPRADE
61150|LAPRIDA FRANCISCO NARCISO|LAPRIDA
61200|LARGUIA|LARGUIA
61250|LARRALDE CRISOLOGO|LARRALDE
61300|LARREA JUAN|LARREA
61350|LARRECHEA PEDRO T DE|LARRECHEA
61400|LASSAGA DR. CALIXTO|LASSAGA
61450|LASSAGA MAESTRO CALIXTO|C. LASSAGA
61500|LATZINA FRANCISCO|LATZINA
61550|LAUTARO|LAUTARO
61600|LAVALLE GENERAL JUAN|LAVALLE
61650|LAVALLEJA JUAN ANTONIO|LAVALLEJA
61700|LAVALLEN|LAVALLEN
61750|LAVOISIER ANTONIO L|LAVOISIER
61800|LAZARTE JUAN|LAZARTE
61850|LEGUIZAMON ONESIMO|LEGUIZAMON
61900|LEIVA JULIAN DE|JULIAN LEIVA
61950|LEJARZA JOAQUIN|LEJARZA
62000|LENCINA CANDIDO|LENCINA
62050|LENZONI POETA MARCOS|LENZONI
62100|LEON|LEON
62150|LETICIA|LETICIA
62200|LETT FRANCISCO N|F. LETT
62250|LEVENE RICARDO|LEVENE
62450|LIDO|LIDO
62500|LIMA|LIMA
62550|LIMAY|LIMAY
62600|LINCOLN ABRAHAM|LINCOLN
62650|LINDBERG CARLOS|LINDBERG
62700|LINIERS SANTIAGO A DE|LINIERS
62750|LINNEO CARLOS DE|LINNEO
62800|LIRIO|LIRIO
62850|LISBOA|LISBOA
62900|LISTA RAMON|R. LISTA
62950|LITUANIA|LITUANIA
63000|LO VALVO DR. JOSE|LO VALVO
63050|LONDRES|LONDRES
63100|LOPEZ BUCHARDO CARLOS|LOPEZ BUCHARDO
63120|LOPEZ ESTANISLAO|BRIGADIER LOPEZ
63150|SOLANO LOPEZ GRAL. FRANCISCO|SOLANO LOPEZ
63200|LOPEZ LUCIO V|LUCIO V. LOPEZ
63250|LOPEZ VICENTE FIDEL|V. LOPEZ
63300|LORENZINI CAROLA|LORENZINI
63350|LORETO|LORETO
63400|LOUSTAU|LOUSTAU
63450|LOZZIA|LOZZIA
63500|LUBARY|LUBARY
63550|DE LUCA ESTEBAN|E. DE LUCA
63600|LUDUEÑA FROILAN|F.LUDUEÑA
63650|LUDUEÑA|LUDUEÑA
63700|LUGAND GRAL. ENRIQUE|E. LUGAND
63750|LUGONES CNEL. LORENZO|CNEL. LUGONES.
63800|LUGONES LEOPOLDO|L. LUGONES
63850|LUJAN|LUJAN
63900|LUZARRIAGA MANUEL DE|LUZARRIAGA
63950|VILA NICASIO A.|N. VILA
64000|MACHADO JUVENAL|MACHADO
64050|MACHAIN GREGORIO J|MACHAIN
64100|MACIEL COSME|MACIEL
64150|MADARIAGA GRAL. JOAQUIN|MADARIAGA
64200|MADRID|MADRID
64250|MAGALDI AGUSTIN|MAGALDI
64300|MAGALLANES FERNANDO DE|MAGALLANES
64350|MAGNANO|MAGNANO
64400|MAIDA|MAIDA
64450|MAIPU|MAIPU
64500|MAITEN|MAITEN
64520|MAIZTEGUI JULIO ISIDRO|MAIZTEGUI
64550|MALABIA JOSE SEVERO|MALABIA
64600|MALAPONTE DR. EUGENIO|E. MALAPONTE
64650|MALAPONTE FLORENTINO ESCRI|F. MALAPONTE
64700|MALVINAS|MALVINAS
64750|MALVON|MALVON
64800|MAMBORETA|MAMBORETA
64850|MANANTIALES|MANANTIALES
64900|MANDISOVI|MANDISOVI
64950|MANDIYU|MANDIYU
65000|MANFREDI SANTOS|MANFREDI
65050|MANGORE|MANGORE
65100|MANGRULLO EL|EL MANGRULLO
65150|MANSILLA LUCIO N. y LUCIO V.|MANSILLA
65200|MANSO JUANA|MANSO
65250|MANZI HOMERO|H. MANZI
65300|MAPUCHE|MAPUCHE
65350|MAR CHIQUITA|MAR CHIQUITA
65400|MAR DEL PLATA|MAR DEL PLATA
65450|MARADONA JOSE IGNACIO|J. MARADONA
65500|MARATON|MARATON
65550|MARC JULIO|J. MARC
65600|MARCHENA|MARCHENA
65650|DE MARCHI|DE MARCHI
65700|MARCONI GUILLERMO|MARCONI
70400|MUSTO PINTOR|P. MUSTO
70450|MUZZIO|MUZZIO
70500|NAHUEL HUAPI|NAHUEL HUAPI
70550|NALE ROXLO CONRADO|NALE ROXLO
65730|MARGIS JOSE|JOSE MARGIS
65750|MARMOL JOSE|J. MARMOL
65800|MARRUECOS REINO DE|MARRUECOS
65850|MARSELLA|MARSELLA
65900|MARTI JOSE|J. MARTI
65950|MARTIN|MARTIN
66000|MARTINEZ ESTRADA EZEQUIEL|MARTINEZ ESTRADA
66050|MARTINI ARDOINO|MARTINI
66100|MARTINOLI CARLOS MARIA|MARTINOLI
66150|MARULL MARIANO|MARULL
66200|MASANA DIEGO|MASANA
66250|MASCARDI|MASCARDI
66300|MASON|MASON
66350|MASPOLI|MASPOLI
66400|MASSA MAESTRO|M. MASSA
66450|MASSANA|MASSANA
66500|MATHEU DOMINGO|MATHEU
66550|MATIENZO CAPITAN BENJAMIN|MATIENZO
66600|MATORRAS GREGORIA|MATORRAS
66650|MATTOS DR. LUIS MARIA|MATTOS
66700|BARON DE MAUA|BARON DE MAUA
66750|MAYO|MAYO
66850|MAZA JUAN AGUSTIN|JUAN A. MAZA
66900|MAZZAGLIA|MAZZAGLIA
66950|MAZZINI JOSE|MAZZINI
67000|MEDICI|MEDICI
67050|MEDINACELLI|MEDINACELLI
67100|MEDRANO DR. PEDRO|MEDRANO
67150|MEIRALDI|MEIRALDI
67200|MELIAN JOSE|MELIAN
67250|MELINCUE|MELINCUE
67300|MENA JUAN DE DIOS|MENA
67350|MEMBRIVES LOLA|L. MEMBRIVES
67400|MENCHACA MANUEL JOAQUIN|MENCHACA
67450|MENDEZ GONCALVEZ|MENDEZ GONCALVEZ
67500|MENDEZ GERVASIO|G. MENDEZ
67550|MENDOZA|MENDOZA
67600|MERCANTE VICTOR|MERCANTE
67650|MERCEDARIO|MERCEDARIO
67700|MESSINA|MESSINA
67750|MEJICO|MEJICO
67800|MICHELETTI ARQUITECTO JOSE|MICHELETTI
67850|MIDDLETON|MIDDLETON
67900|MIELI ALDO|MIELI ALDO
67950|MILAN|MILAN
68000|MILLER GUILLERMO|MILLER
68050|MINA CLAVERO|MINA CLAVERO
68100|MINERVA|MINERVA
68150|MINETTI|MINETTI
68200|MINTURN ZERVA SANTIAGO|MINTURN ZERVA
68220|MIRADOLO|MIRADOLO
68250|MIRAMAR|MIRAMAR
68300|DE MIRANDA FRANCISCO|DE MIRANDA
68350|MIRANDA LUCIA|MIRANDA
68400|MISTRAL GABRIELA|G. MISTRAL
68450|MITRE GENERAL BARTOLOME|MITRE
68500|MOCORETA|MOCORETA
68550|MOLIERE JUAN BAUTISTA P|MOLIERE
68600|PIRANI ANTONIO|PIRANI
68650|MOLINA MANUEL IGNACIO|MOLINA
68680|MONGSFELD ARQ. OSCAR E|MONGSFELD
68700|MONROE JACOBO|MONROE
68750|MONT CENIS|MONT CENIS
68800|MONTE FLORES|MONTE FLORES
68850|MONTEAGUDO BERNARDO DE|MONTEAGUDO
68900|MONTECARLO|MONTECARLO
68950|MONTERO C A|MONTERO
69000|MONTES CARBALLO DR. PBRO.|MONTES CARBALLO
69050|MONTES DE OCA JUAN JOSE|MONTES DE OCA
69100|MONTEVIDEO|MONTEVIDEO
69150|MONTT|MONTT
69200|MORA LOLA|L. MORA
69250|MORALES SANTIAGO|MORALES
69300|MORCILLO ESTEBAN|MORCILLO
69350|MORE FELIPE|F. MORE
69400|MORENO MARIANO|MORENO
69450|MORENO PERITO FRANCISCO|PERITO MORENO
69500|MORRISON|MORRISON
69550|MORROW ALCINDA|MORROW
69600|MORSE SAMUEL|MORSE
69650|MOSCONI GENERAL|MOSCONI
69700|MOSS P L P|MOSS
69750|MOSSI MIGUEL ANGEL|MOSSI
69800|MOSSOTTI OCTAVIO FABRICIO|MOSSOTTI
69850|MOUSSY|MOUSSY
69900|MOYA MARQUES DE|MOYA
69950|MOZART J C AMADEO|MOZART
70000|FURLONG GUILLERMO|FURLONG
70050|MUIÑO ENRIQUE|MUIÑO
70100|MUÑECAS IDELFONSO ESCOLAST|MUÑECAS
70150|MUNIAGURRIA DR. CAMILO|MUNIAGURRIA
70200|MUÑIZ FRANCISCO JAVIER|MUÑIZ
70250|MUNNE ENRIQUE|MUNNE
70300|MUÑOZ DEOLINDO|MUÑOZ
70320|MURISENGHI|MURISENGHI
70350|DEL MUSEO|DEL MUSEO
70600|NAMUNCURA MANUEL Y CEFERIN|NAMUNCURA
70650|ÑANDUBAY|ÑANDUBAY
70700|ÑANDUTI|ÑANDUTI
70750|NANSEN|NANSEN
70800|NARIÑO ANTONIO|NARIÑO
70850|NAVARNIZ|NAVARNIZ
70900|NAVARRO PRESB. DR. JULIAN|NAVARRO
70950|NAZCA|NAZCA
71000|NECOCHEA GRAL. MARIANO|NECOCHEA
71050|NEIL|NEIL
71100|DON ORIONE|DON ORIONE
71150|NEPTUNO|NEPTUNO
71200|NERVO AMADO|NERVO
71250|NETRI DR. FRANCISCO|F. NETRI
71300|NEUQUEN|NEUQUEN
71350|NEWBERY JORGE|JORGE NEWBERY
49052|ESTEVEZ BOERO GUILLERMO|ESTEVEZ BOERO
71450|NEWTON ISAAC|NEWTON
71500|NICARAGUA|NICARAGUA
71550|NICOLAS JULIAN|J. NICOLAS
71600|NICOLORICH CAPITAN PEDRO|NICOLORICH
71650|DE NITO JOSE|DE NITO
71700|NOCHETTO JUAN|NOCHETTO
71750|BABBINI RAFAEL JUAN|BABBINI
71800|NORUEGA|NORUEGA
71900|NUESTRA SRA DEL ROSARIO|NTRA. SRA. ROSARIO
71950|NUEVA YORK|NUEVA YORK
72000|NUEVE DE JULIO|9 DE JULIO
72050|NUÑEZ RICARDO A|NUÑEZ
72100|ÑUSTA|ÑUSTA
72150|O CONNOR ELSA|O CONNOR
72200|O HIGGINS GRAL. BERNARDO|O HIGGINS
72220|OBI|OBI
72250|OBANDO JUAN JOSE|OBANDO
72300|OBERA|OBERA
72350|OBLIGADO|OBLIGADO
72400|OCAMPO|OCAMPO
72450|OCHO DE NOVIEMBRE|8 DE NOVIEMBRE
72500|OESTE|OESTE
72550|OLASCOAGA CNEL. MANUEL JOS|OLASCOAGA
72600|OLAVARRIA CNEL. JOSE|OLAVARRIA
72650|OLDENDORFF|OLDENDORFF
72700|OLGUIN FRANCISCO ODISEO|OLGUIN
72750|OLIDEN MANUEL LUIS DE|OLIDEN
72800|OLIMPO|OLIMPO
72850|OLIVA NOGUEIRA JOSE|OLIVA
72900|OLIVE AUGUSTO J|OLIVE
72950|OLIVEROS|OLIVEROS
73000|OLMOS JUAN ANTONIO|OLMOS
73050|OMBU|OMBU
73100|OMNES CARLOS J|C. OMNES
73150|ONCATIVO|ONCATIVO
73200|ONGAMIRA|ONGAMIRA
73220|ORASTIE|ORASTIE
73250|ORDEN|ORDEN
73300|ORIA JOSE ANTONIO|J. ORIA
73350|ORIBE GENERAL|ORIBE
73400|ORIENTAL|ORIENTAL
73450|ORIENTE|ORIENTE
73500|OROÑO NICASIO|BV. N. OROÑO
73550|ORQUIDEA|ORQUIDEA
73600|ORTEGA FRANCISCO SOLANO|FRANCISCO ORTEGA
73650|ORTEGA TTE GRAL RUFINO|RUFINO ORTEGA
73700|ORTIZ|ORTIZ
73750|OUTES FELIX F|OUTES
73800|OWEN RICARDO|R. OWEN
73850|PACHECO GRAL. ANGEL|PACHECO
73900|PADILLA MANUEL|PADILLA
73950|PAGANO ANGELINA|A. PAGANO
74000|PAGANO JOSE LEON|J. L. PAGANO
74050|PAGE TOMAS J|T. PAGE
74100|PAGO DE LOS ARROYOS|P. DE LOS ARROYOS
74150|PAGO LARGO|PAGO LARGO
74200|PALACIO DOMINGO|D. PALACIO
74250|PALAU|PALAU
74300|PALESTINA|PALESTINA
74350|PALLIERE JUAN LEON|PALLIERE
74400|ISAAC NEWELL|ISAAC NEWELL
74450|PALMERO|PALMERO
74500|PALPA|PALPA
74550|PAMPA|PAMPA
74600|PAMPERO (ZONA NORTE)|PAMPERO (ZONA NORTE)
74650|PAMPERO (BARRIO B. VISTA)|PAMPERO (BARRIO B.VISTA)
74700|PANAMA|PANAMA
74750|PANAMBI|PANAMBI
74800|PANDO ESTANISLAO|PANDO
74850|PANIZZA HECTOR|PANIZZA
74900|PARACAO|PARACAO
74950|PARAGUAY|PARAGUAY
75000|PARANA|PARANA
75050|PARERA BLAS|B. PARERA
75100|PARKER GUILLERMO ENRIQUE|PARKER
75150|PAROISSIEN GRAL. DR. DIEGO|PAROISSIEN
75250|DEL PARQUE|DEL PARQUE
75300|PARRAVICINI FLORENCIO|PARRAVICINI
46810|DOMINGUEZ, RAUL|R. DOMINGUEZ
4003|1220|Pje. 1220
75400|PASCO|PASCO
75450|PASO DE LOS PATOS|PASO DE LOS PATOS
75500|PASO DE USPALLATA|PASO DE USPALLATA
83950|ROSARINO|ROSARINO
84000|ROSAS BRGD. JUAN MANUEL DE|JUAN M. DE  ROSAS
84050|LAS ROSAS|LAS ROSAS
84100|ROSAS PASCUAL|P. ROSAS
75550|PASO JUAN JOSE|J. J. PASO
75600|PASTEUR LUIS|PASTEUR
75650|PATAGONES|PATAGONES
75700|PATRIA|PATRIA
75750|PATRICIAS ARGENTINAS|P.  ARGENTINAS
75800|PATRICIOS|PATRICIOS
75850|PAUNERO GRAL. WENCESLAO|PAUNERO
75900|PAVLOV JUAN PETROVICH|PAVLOV
75950|PAVON|PAVON
76000|PAYRO ROBERTO J|PAYRO
76050|PAYSANDU|PAYSANDU
76100|PAZ GRAL. JOSE MARIA|GRAL PAZ
76150|PAZ JOSE C|JOSE C. PAZ
76200|LA PAZ|LA PAZ
76250|PAZ MARCOS|MARCOS PAZ
77870|PICHINCHA|PICHINCHA
76350|PEDERNERA TTE. GRAL JUAN|PEDERNERA
76400|PEDRAZA MANUELA|PEDRAZA
76450|PEDRONI POETA JOSE|PEDRONI
76500|PEIRANO IRMA|PEIRANO
76550|PELAYO|PELAYO
76600|PELIKAN|PELIKAN
76650|PELLEGRINI CARLOS|Av: C. PELLEGRINI
76700|PEÑA DAVID|D. PEÑA
1|PASILLO EN CONDOMINIO|PASILLO
2|PASAJE PEATONAL|PJE PEATONAL
3|SENDA PEATONAL|SENDA PEATONAL
4|CENTRO DE MANZANA|CENTRO DE MANZANA
10|BATERIA LIBERTAD|BATERIA LIBERTAD
11|COMUNIDAD FORAL DE NAVARRA|COM. F. DE NAVARRA
12|104|Calle 104
13|PIZZI ROGELO LUIS|R. PIZZI
14|106|Calle 106
50|KORCZAK JANUSZ|J. KORCZAK
100|DE PAOLI PEDRO|DE PAOLI
150|CHELA SILVA|CHELA SILVA
200|403|Pje. 403
250|GARRIDO DE LA PEÑA CARLOTA|G.DE LA PEÑA
300|MOLINA CAMPOS FLORENCIO|F.MOLINA CAMPOS
400|HIDALGO BARTOLOME|B. HIDALGO
450|409|Calle 409
500|410|Pje. 410
550|SOSA GABINO|G. SOSA
600|MAESTROS SANTAFESINOS|M. SANTAFESINOS
700|501|Calle 501
750|502|Calle 502
800|503|Calle 503
850|505|Calle 505
900|507|Pje. 507
950|509|Pje. 509
1000|510|Calle 510
1050|511|Calle 511
1100|512|Calle 512
1150|513|Calle 513
1200|514|Pje. 514
1250|515|Pje. 515
1300|516|Pje. 516
1400|518|Pje. 518
1450|519|Pje. 519
1500|520|Calle 520
1550|521|Calle 521
1750|525|Pje. 525
1850|527|Calle 527
1900|528|Pje. 528
1950|529|Calle 529
2000|SAN M. GARICOITS|SAN GARICOITS
2020|531|Pje. 531
2050|532|Calle 532
2060|533|Calle 533
2100|534|Calle 534
2150|535|Calle 535
2200|536|Calle 536
2256|539|Calle 539
2260|540|Pje. 540
2262|542|Pje. 542
2350|602|Calle 602
2358|603|Calle 603
2360|604|Calle 604
2362|606|Pje. 606
2364|608|Pje. 608
38590|CENTENARIO "NEWELL'S OLD BOYS"|CENTENARIO N.O.B.
2450|704|Calle 704
2500|706|Calle 706
2550|POLICHISO DOMINGO|D. POLICHISO
2600|710|Calle 710
2650|DEMIDDI ALBERTO|A. DEMIDDI
2660|714|Pje. 714
2662|ALLENDE SALVADOR|S. ALLENDE
2700|801|Pje. 801
2750|802|Pje. 802
2800|803|Pje. 803
2810|804|Pje. 804
2850|CARRILLO DR. RAMON|R. CARRILLO
2860|TOSCO AGUSTIN|A. TOSCO
2900|807|Pje. 807
2902|LIDICE|LIDICE
2903|AVILA CARLOS M.|C.M.AVILA
3150|BRANDAZZA ANGEL ENRIQUE|A. BRANDAZZA
3200|1112|Pje. 1112
3210|1113|Pje. 1113
3220|1114|Pje. 1114
3230|CAMBIASO OSVALDO|O.CAMBIASO
3250|1202|Calle 1202
3300|1203|Calle 1203
3000|WIESENTHAL SIMON|S. WIESENTHAL
3100|FONTEZUELA|FONTEZUELA
3350|1204|Calle 1204
3400|1205|Pje. 1205
3450|1206|Calle 1206
3500|1207|Pje. 1207
17|SCHIFFNER EMILIO|E. SCHIFFNER
3600|1209|Calle 1209
3650|1210|Pje. 1210
3700|1211|Calle 1211
3750|1212|Calle 1212
3800|1213|Pje. 1213
3850|CIPOLLETTI INGENIERO|CIPOLLETTI
3900|LAGUNA DEL DESIERTO|LAG. DEL DESIERTO
4002|1219|Pje. 1219
4050|1301|Calle 1301
4100|1302|Calle 1302
4150|1303|Calle 1303
4200|1304|Calle 1304
4250|1305|Calle 1305
4300|1306|Calle 1306
4350|1307|Calle 1307
4400|1308|Calle 1308
4450|RUIZ MORENO MARTIN|M.RUIZ MORENO
4500|1310|Calle 1310
4550|1311|Calle 1311
4600|1321|Pje. 1321
4650|1322|Pje. 1322
4700|1323|Pje. 1323
4750|1324|Pje. 1324
4800|1325|Pje. 1325
4850|1326|Calle 1326
4900|1327|Pje. 1327
4950|1328|Pje. 1328
5000|1329|Calle 1329
93951|JUAN PABLO II|JUAN PABLO II
5100|1331|Calle 1331
5150|1332|Pje. 1332
5200|1333|Pje. 1333
5250|1334|Pje. 1334
5300|1335|Calle 1335
5350|1336|Calle 1336
5400|1337|Calle 1337
5450|1338|Calle 1338
5500|1339|Calle 1339
5550|IRAK REPUBLICA DE|REP. DE IRAK
5600|CALFUCURA|CALFUCURA
5650|1342|Av. 1342
5700|SIRIPO|SIRIPO
5750|COLIQUEO|COLIQUEO
5800|1345|Calle 1345
5850|1346|Calle 1346
5900|1347|Calle 1347
5950|1348|Calle 1348
6000|1349|Pje. 1349
6050|SAN TELMO|SAN TELMO
6100|1351|Pje. 1351
6150|1352|Calle 1352
6200|1353|Calle 1353
6250|1354|Calle 1354
6300|1355|Calle 1355
6350|1356|Calle 1356
6400|1357|Pje. 1357
6450|1358|Calle 1358
6500|1359|Calle 1359
6550|1362|Calle 1362
6600|1363|Calle 1363
6650|1364|Calle 1364
6700|1365|Calle 1365
6750|1366|Calle 1366
6800|1367|Calle 1367
6850|1368|Pje. 1368
6900|1369|Pje. 1369
6950|1370|Pje. 1370
7000|1371|Calle 1371
7050|LOUREIRO JORGE A.|J.A. LOUREIRO
7100|1373|Pje. 1373
7150|1374|Calle 1374
7200|1375|Calle 1375
7240|1376|Calle 1376
7250|1377|Calle 1377
7300|1378|Calle 1378
7350|1379|Calle 1379
7400|1380|Calle 1380
7450|1381|Pje. 1381
7500|AZEVEDO PEDRO PASCUAL|P. AZEVEDO
7550|1383|Calle 1383
7600|1384|Calle 1384
7650|1385|Calle 1385
7651|1386|Pje. 1386
7653|1388|Pje. 1388
7654|1389|Pje. 1389
7655|1390|Calle 1390
7656|1391|Pje. 1391
7657|1392|Pje. 1392
7658|1393|Pje. 1393
7660|1395|Pje. 1395
7662|1397|Pje. 1397
7700|LOS GLACIARES|LOS GLACIARES
7750|LANIN|LANIN
7800|SANTA COLOMA MARTIN ISIDRO|SANTA COLOMA
7850|LOS ALERCES|LOS ALERCES
7900|GARDELLI RAUL N.|R. GARDELLI
7950|PILCOMAYO|PILCOMAYO
8000|LEOPOLDO KANNER|L. KANNER
8050|EL PALMAR|EL PALMAR
8100|MILICIANOS ROSARINOS|MILIC. ROSARINOS
8150|TALAMPAYA|TALAMPAYA
8200|PACTO FEDERAL|PACTO FEDERAL
8250|LOS ARRAYANES|LOS ARRAYANES
8300|VEINTE DE NOVIEMBRE|20 DE NOVIEMBRE
8350|LAGUNA BLANCA|LAGUNA BLANCA
8400|DIECISEIS DE ENERO|16 DE ENERO
8450|GALVEZ MANUEL|M. GALVEZ
8500|PUNTA DEL QUEBRACHO|PTA. DEL QUEBRACHO
8550|SIERRA VICENTE DIONISIO|V. SIERRA
8600|IRAZUSTA JULIO|J. IRAZUSTA
8650|SALADILLO|SALADILLO
8700|GRUNING ROSAS ALEJANDRO|A. GRUNING
8750|MENSAJERIAS|MENSAJERIAS
8800|ENSINCK OSCAR LUIS|O. ENSINCK
8850|ADUANA|ADUANA
8900|PALACIO ERNESTO|E. PALACIO
8950|PAZ ALBERTO J.|A. J. PAZ
9000|TONDA AMERICO A.|A. TONDA
9100|LALLEMANT GERMAN AVE|G. AVE LALLEMANT
9200|1433|Pje. 1433
9250|1434|Pje. 1434
9300|SCHORK EDGARDO A.|E. SCHORK
9400|REAL|REAL
9500|1439|Pje. 1439
9550|EL PARAISO|EL PARAISO
9600|FRESNO|FRESNO
9650|1442|Pje. 1442
9700|PALO BORRACHO|PALO BORRACHO
9750|MORERA BLANCA|MORERA BLANCA
9800|PECAN|PECAN
9850|CHANA THIMBU|CHANA TIMBU
9900|PONCE TEODORO|T. PONCE
9950|MIRRI|MIRRI
10000|YOGUIN|YOGUIN
19024|2040|Pje. 2040
10200|PEIRE JOSE E.|J. PEIRE
10250|1454|Pje. 1454
10350|1456|Pje. 1456
10400|1458|Pje. 1458
10450|AGUARA|AGUARA
10500|ANDORNO LUIS|LUIS ANDORNO
10550|LEMBU|LEMBU
10600|BELLO ALFREDO|A. BELLO
10700|1464|Pje. 1464
10800|1466|Pje. 1466
10850|KAVA|KAVA
10900|1468|Pje. 1468
10950|CARACARA|CARACARA
11000|1471|Pje. 1471
11050|1472|Calle 1472
11100|1473|Calle 1473
11150|1474|Pje. 1474
11170|PEREYRA JESUS|PEREYRA
11200|1476|Pje. 1476
11230|CARRE LUIS|CARRE
11250|LOS ALISOS|LOS ALISOS
11270|GIACCOMELLI JACOBO|GIACCOMELLI
11300|LAGO PUELO|LAGO PUELO
11310|SEREN ALFREDO|SEREN
11320|1482|Calle 1482
11322|1484|Calle 1484
11326|1486|Calle 1486
11328|1488|Pje. 1488
11330|ECHENIQUE ADELITA AVILA|ADELITA A. ECHENIQUE
11332|1492|Pje. 1492
11334|ZINNI HECTOR NICOLAS|H. ZINNI
11336|BARBA ENRIQUE M.|E. BARBA
11338|1498|Pje. 1498
11340|PASCUALI PATRICIA SILVIA|P.PASCUALI
11350|1502|Pje. 1502
11400|1503|Calle 1503
11450|1504|Pje. 1504
11500|1505|Calle 1505
11550|1506|Calle 1506
11600|1507|Calle 1507
11650|1508|Pje. 1508
11700|LAGOS JOAQUIN|JOAQUIN LAGOS
11750|1510|Calle 1510
11800|1511|Pje. 1511
11850|1512|Calle 1512
11870|BASTIDAS MICAELA|M. BASTIDAS
11900|1514|Calle 1514
11910|MOREAU DE JUSTO ALICIA|MOREAU DE JUSTO
11950|1516|Pje. 1516
12050|1520|Pje. 1520
12100|MIGLIERINI ING. LEON|L. MIGLIERINI
12150|1524|Pje. 1524
12200|1526|Pje. 1526
12210|1528|Pje. 1528
12220|1530|Pje. 1530
12222|1532|Pje. 1532
12224|AVALOS PETRONA|P. AVALOS
12250|1601|Pje. 1601
12300|LAMARQUE LIBERTAD|L. LAMARQUE
12350|VERA PEÑALOZA ROSARIO|R. VERA PEÑALOZA
12400|AZUCENA MAIZANI|A. MAIZANI
12450|GARDEL CARLOS|C.GARDEL
12500|LEIVA SUSY|SUSY LEIVA
12550|CESPEDES MARTINA|MARTINA CESPEDES
12600|PUGLIESE OSVALDO|O. PUGLIESE
12650|QUIROGA ROSITA|R. QUIROGA
12700|FALASCA ROSANNA|R. FALASCA
12750|SIMONE MERCEDES|M. SIMONE
12800|1618|Pje. 1618
12850|PIAZZOLLA ASTOR|A. PIAZZOLLA
12900|PLANO FRANCISCO|F. PLANO
12950|1623|Pje. 1623
13000|CANARO FRANCISCO|F. CANARO
13050|1625|Pje. 1625
13100|FRESEDO OSVALDO|O. FRESEDO
13150|1627|Pje. 1627
13200|DE CARO|DE CARO
13250|BENTEVEO|BENTEVEO
13300|COBIAN JUAN C.|J. C. COBIAN
13350|UGARTE MANUEL|MANUEL UGARTE
13400|DI SARLI CARLOS|C. DI SARLI
13450|RAMOS JORGE ABELARDO|J.A.RAMOS
13480|1634|Calle 1634
13500|RIVERO EDMUNDO|E. RIVERO
13550|SUINDA|SUINDA
13600|D ARIENZO JUAN|J. D ARIENZO
13700|SOSA JULIO|J. SOSA
13750|1639|Calle 1639
13800|FIRPO ROBERTO|R. FIRPO
13850|1641|Calle 1641
13900|TROILO ANIBAL|A. TROILO
13950|1643|Calle 1643
14000|DEL CARRIL HUGO|H. DEL CARRIL
14050|1645|Calle 1645
93952|ROSA JOSE MARIA|JOSE M. ROSA
14150|1647|Calle 1647
14200|YAGUARETE|YAGUARETE
14250|TERO|TERO
14300|DUBOE MARIA|MARIA DUBOE
14350|JACOBACCI GUIDO|JACOBACCI
14400|LAFLOR LUIS|L. LAFLOR
14450|1655|Calle 1655
14500|GABETTA ALBERTO|A. GABETTA
14550|GUEMES MAGDALENA|MAGDALENA GUEMES
14552|1659|Calle 1659
14600|COCHET GUSTAVO|G. COCHET
14650|1661|Pje. 1661
14700|BIGUA|BIGUA
14750|ZAMUDIO ADELA|ADELA ZAMUDIO
14760|BOOZ MATEO|MATEO BOOZ
14762|1666|Calle 1666
14764|1668|Pje. 1668
14766|1670|Pje. 1670
14768|1672|Pje. 1672
14770|1674|Pje. 1674
14772|1676|Pje. 1676
14774|1678|Pje. 1678
14800|JAURETCHE ARTURO|A. JAURETCHE
14820|1702|Calle 1702
14850|1703|Calle 1703
14900|1704|Calle 1704
14950|1705|Calle 1705
15000|1706|Calle 1706
15050|1707|Calle 1707
16186|MILICI LUIS|LUIS MILICI
16187|1741|Pje. 1741
16190|1744|Pje. 1744
16192|1746|Pje. 1746
16194|1748|Pje. 1748
16196|1750|Pje. 1750
15100|PROVINCIA DE MISIONES|PROV.DE MISIONES
15150|1709|Calle 1709
15200|1710|Calle 1710
18150|1914|Av. 1914
18200|2002|Calle 2002
18300|MEDINA DR. VICENTE|DR. MEDINA
18400|BELLO JULIO|J BELLO
18450|2007|Pje. 2007
15250|URIARTE CARLOS|C. URIARTE
15300|1712|Calle 1712
15350|1713|Calle 1713
15400|GRELA PLACIDO|P.GRELA
15450|1716|Calle 1716
15500|ISERN EDUARDO ANGEL|E. ISERN
15550|1718|Calle 1718
15600|1720|Calle 1720
15650|FAVARIO EDUARDO|E. FAVARIO
15700|1722|Calle 1722
15750|CELMAN VERONICA|V. CELMAN
15800|MARQUEZ HERMANA PAULA|HERMANA PAULA MARQUEZ
15850|OTTMANN HUGO|HUGO OTTMANN
15900|1726|Pje. 1726
15950|GIACAGLIA PEDRO|P. GIACAGLIA
16000|1728|Pje. 1728
16050|1729|Calle 1729
16150|VANZO JULIO|J. VANZO
16160|1732|Calle 1732
16180|1734|Pje. 1734
16181|OUVRARD LUIS|L. OUVRARD
16182|GOMEZ EDUARDO HERNAN|GOMEZ EDUARDO
16183|BAUMAN LIA|LIA BAUMAN
16185|1739|Calle 1739
16198|1752|Pje. 1752
16200|1801|Pje. 1801
16202|1754|Pje. 1754
16204|1756|Pje. 1756
16206|1758|Pje. 1758
16300|COMANDOS 602|COMANDOS 602
16350|DEMESTRI GUILLERMO|G. DEMESTRI
16400|JUAN XXIII|JUAN XXIII
16450|1808|Calle 1808
16500|RIVERO GAUCHO ANTONIO|A. RIVERO
76750|PENN GUILLERMO|G. PENN
76800|LOS PERALES|LOS PERALES
76850|PERDRIEL MARIANO|PERDRIEL
76900|PEREYRA ZENON|Z.  PEREYRA
76950|PEREZ BULNES EDUARDO|PEREZ BULNES
76954|PEREZ DE DENIS GREGORIA|PEREZ DE DENIS
16600|GARCIA CAFFARENA EDMUNDO|G. CAFFARENA
16650|1812|Calle 1812
16700|ESPINOSA ERNESTO EMILIO|ESPINOSA
16750|1814|Pje. 1814
16800|CISNERO MARIO ANTONIO|M. CISNERO
16850|1816|Calle 1816
16900|MARADONA DR. ESTEBAN|DR. MARADONA
16950|1818|Calle 1818
17000|ABORIGENES ARGENTINOS|ABORIG. ARGENTINOS
17050|GRENON NESTOR DELFIN|N. GRENON
17100|1821|Calle 1821
17150|1822|Calle 1822
17200|LOPEZ ALFREDO|A. LOPEZ
17250|MARTINO PEDRO|P. MARTINO
17300|1825|Calle 1825
17350|GOLLAN ALBERTO MARIA|A. GOLLAN
17400|RODRIGUEZ BENITO|B. RODRIGUEZ
17450|FRUTOS NICANOR|NICANOR FRUTOS
17500|PASOTTI PIERINA ANTONIETA|P. PASOTTI
17505|PAMALÓ|PAMALÓ
17550|1831|Pje. 1831
17555|NI`IMSHE|NI IMSHE
17560|1833|Calle 1833
17565|LOBO ROBERTO SEGUNDO|R. LOBO
17570|MAPIC|MAPIC
17575|GIACHINO PEDRO EDGARDO|P. GIACHINO
17580|NAALA|NAALA
17590|TACAI|TACAI
17591|ARA GENERAL  BELGRANO|ARA BELGRANO
17592|PUERTO ARGENTINO|PTO. ARGENTINO
17593|1847|Pje. 1847
17594|YOLO|YOLO
17595|MARAGLIANO SAVERIO JOSE|MARAGLIANO
17596|SBERT MATEO ANTONIO|M. SBERT
17597|ROLLA HECTOR MIGUEL|H. ROLLA
17598|VAZQUEZ ALFREDO JORGE|A. VAZQUEZ
17599|GREGORI JUAN LUIS|J. GREGORI
17600|1902|Calle 1902
17650|1903|Calle 1903
17700|1904|Calle 1904
17750|1905|Calle 1905
17800|1906|Calle 1906
17850|1907|Av. 1907
17900|1908|Calle 1908
17950|1909|Calle 1909
18000|1910|Calle 1910
18050|1911|Calle 1911
18100|1912|Calle 1912
18500|2008|Calle 2008
18550|2009|Calle 2009
77000|PEREZ GALDOS BENITO|PEREZ GALDOS
77050|PEREZ DR. JOSE JULIAN|DR. J. PEREZ
77100|PERFUMO|PERFUMO
77150|PERICLES|PERICLES
77200|PERKINS GUILLERMO|PERKINS
77250|PERLITA|PERLITA
18600|CURZIO CESAR|C. CURZIO
18630|2011|Pje. 2011
18640|2012|Pje. 2012
18650|BALTUZZI JUAN|J. BALTUZZI
18700|2014|Calle 2014
18750|CABALLERO DR. RICARDO|DR. CABALLERO
18800|2016|Calle 2016
18850|GUTIERREZ MANUEL|M. GUTIERREZ
18900|2018|Calle 2018
18920|2019|Calle 2019
18950|2020|Calle 2020
18970|2021|Pje. 2021
19000|2022|Calle 2022
19005|2032|Pje. 2032
19010|2024|Pje. 2024
19012|2026|Pje. 2026
19014|2028|Pje. 2028
19016|2030|Pje. 2030
19020|2034|Pje. 2034
19050|2101|Calle 2101
19080|CAMINITO|CAMINITO
19100|2102|Calle 2102
19150|2104|Calle 2104
19180|CUMPARCITA|CUMPARCITA
19200|2106|Calle 2106
19250|2107|Calle 2107
19300|2108|Calle 2108
19350|2109|Calle 2109
19400|2110|Calle 2110
19450|2111|Calle 2111
19500|2112|Calle 2112
19600|2114|Calle 2114
19650|2115|Calle 2115
19700|2116|Calle 2116
19750|2117|Calle 2117
19800|2118|Calle 2118
19850|2119|Calle 2119
19900|2120|Calle 2120
19950|2121|Calle 2121
20000|2122|Calle 2122
20050|2123|Calle 2123
16191|1745|Pje. 1745
20150|2125|Calle 2125
43330|CORTAZAR JULIO|J. CORTAZAR
20250|2127|Calle 2127
20300|2128|Calle 2128
20350|2129|Calle 2129
20400|2130|Calle 2130
20500|2133|Calle 2133
20505|2134|Calle 2134
20510|2135|Calle 2135
20520|CRISTAL|CRISTAL
20530|2137|Pje. 2137
20540|CAMPANITA|CAMPANITA
20560|GRISEL|GRISEL
20562|2142|Pje. 2142
20564|2144|Calle 2144
20566|2146|Calle 2146
20590|ABBADIA|ABBADIA
20600|ABIPONES|ABIPONES
20650|ACEVEDO ING. ARTURO|ING.ACEVEDO
20700|ACEVEDO MANUEL ARTURO|MANUEL ACEVEDO
20750|ACHIRA|ACHIRA
20800|ACHUPALLAS COMBATE DE|ACHUPALLAS
20850|ACONCAGUA|ACONCAGUA
20900|COSTARELLI JOSE|COSTARELLI
20950|ACOSTA AMBROSIO DE|A. ACOSTA
21000|ACOYTE|ACOYTE
21100|AGNETA TTE. ALFREDO|TTE. AGNETA
21150|AGRELO DR. PEDRO JOSE|P. AGRELO
21200|AGUADO ALEJANDRO|A. AGUADO
21250|AGUAPEY|AGUAPEY
21300|AGUARIBAY|AGUARIBAY
21350|AGUERO JULIAN S DE|J. AGÜERO
21400|AGUILAR ESTUDIANTE|AGUILAR
21450|AGUIRRE JULIAN|J. AGUIRRE
21500|AIZPURUA BENITO|B. AIZPURUA
21550|ALBARRACIN SATURNINO|S. ALBARRACIN
21600|ALBERDI JUAN BAUTISTA|ALBERDI
21650|ALBERINI CORIOLANO|C. ALBERINI
21700|ALBERTI PBRO. DR. MANUEL|M. ALBERTI
21750|ALCORTA AMANCIO|A. ALCORTA
21800|ALDANA FELIPE ALBERTO|F. ALDANA
21850|ALDAO CAMILO|C. ALDAO
21900|BUCHANAN HUGO INGENIERO|H. BUCHANAN
21950|ALEM LEANDRO N|L. N. ALEM
22000|ALEMANIA|ALEMANIA
22050|ALETTA DE SYLVAS JUAN|ALETTA DE SYLVAS
22100|ALGARROBO|ALGARROBO
22150|ALIAU ISIDRO|I. ALIAU
22200|ALICE ANTONIO|A. ALICE
22250|ALIGHIERI DANTE|D. ALIGHIERI
22300|ALIPPI ELIAS|E. ALIPPI
22350|ALMAFUERTE|ALMAFUERTE
22400|ALPATACAL|ALPATACAL
22450|ALSINA ADOLFO|ALSINA
22500|ALVARADO GRAL. RUDECINDO|ALVARADO
22550|ALVAREZ CONDARCO  JOSE A|ALVAREZ CONDARCO
22600|ALVAREZ JONTE DR. ANTONIO|ALVAREZ JONTE
22630|ALVAREZ CABO PPAL. OSCAR|CABO O. ALVAREZ
22650|ALVAREZ THOMAS IGNACIO|ALVAREZ THOMAS
22700|ALVAREZ AGUSTIN|AGUSTIN ALVAREZ
22750|ALVAREZ CMTE. BENITO|BENITO ALVAREZ
22800|ALVAREZ DR. JUAN|JUAN ALVAREZ
22850|ALVEAR  GRAL. CARLOS MARIA|CARLOS M. ALVEAR
22900|ALVEAR MARCELO T DE|MARCELO ALVEAR
22950|ALZUGARAY AMBROSIO DE|ALZUGARAY
23000|AMAMBAY|AMAMBAY
23050|AMAZONAS|AMAZONAS
23100|AMBATO|AMBATO
23150|AMBROSETTI JUAN B|AMBROSETTI
23200|AMEGHINO FLORENTINO|AMEGHINO
23250|AMELONG JUAN ENRIQUE|AMELONG
23300|AMENABAR JOSE DE|AMENABAR
23350|AMERICA|AMERICA
23400|RUGGIERI PROF. RODOLFO|RUGGIERI
23450|AMERICANO|AMERICANO
23500|AMERISO DR. JOSE|AMERISO
23550|DE AMICIS EDMUNDO|DE AMICIS
23600|AMSTERDAM|AMSTERDAM
23650|AMUCHASTEGUI NICOLAS RAUL|AMUCHASTEGUI
23700|AMUNDSEN ROLANDO|AMUNDSEN
23750|ANCAMAYU|ANCAMAYU
23800|ANCASTE|ANCASTE
23850|ANCHORENA TOMAS DE|ANCHORENA
23900|ANCHORIS RAMON|ANCHORIS
23950|ANCON|ANCON
24000|ANCUÑA|ANCUÑA
24050|ANDALGALA|ANDALGALA
24100|ANDERSON AVIADOR|ANDERSON
24150|ANDES|ANDES
24200|ANDRADE OLEGARIO VICTOR|ANDRADE
24250|LOS ANGELES|LOS ANGELES
24300|DE ANGELIS PEDRO|DE ANGELIS
24350|ANGELONI|ANGELONI
24450|ANTELO MARIO|M. ANTELO
24500|ANTEQUERA Y CASTRO JOSE D|ANTEQUERA
24550|ANTONELLI|ANTONELLI
24600|ANTONIADIS DEMETRIO|ANTONIADIS
24650|APIPE|APIPE
24700|APOLO|APOLO
24750|APOSTOLES|APOSTOLES
24800|AQUINO PEDRO L|P. AQUINO
24850|ARABE UNIDA REPUBLICA|ARABE UNIDA
24900|ARAOZ PEDRO MIGUEL|P. ARAOZ
24950|ARATA LUIS|L. ARATA
25000|ARAUCANO|ARAUCANO
25050|ARAYA ING RAMON|R. ARAYA
25100|ARCHAI|ARCHAI
25150|AREGUA|AREGUA
25200|ARENALES JUAN A ALVAREZ DE|ARENALES
25250|ARENGO JUAN BAUTISTA|ARENGO
25300|ARENGREEN JUAN|ARENGREEN
25350|AREQUIPA|AREQUIPA
25400|AREQUITO|AREQUITO
25450|AREVALO DOMINGO S DE|AREVALO
25500|ARGELIA REPUBLICA DE|ARGELIA
25550|ARGENTINA|ARGENTINA
25600|ARGENTINO|ARGENTINO
25650|ARGERICH DR. COSME|ARGERICH
25700|ARIAS FRANCISCO GABINO|F. ARIAS
25750|ARIEL|ARIEL
25850|ARIJON MANUEL|ARIJON
25900|ARISTOTELES|ARISTOTELES
25950|ARLT ROBERTO|R. ARLT
25990|ARMAS MARIO DR.|M. ARMAS
26000|ARMENIA REPUBLICA DE|ARMENIA
26050|ARNOLD CRNEL PRUDENCIO|CNEL. ARNOLD
26100|ARRIBEÑOS|ARRIBEÑOS
26150|ARRIETA RAFAEL|ARRIETA
26200|ARROSPIDEGARAY JUAN B|ARROSPIDEGARAY
26300|ARROYITO|ARROYITO
26400|ARROYO MALDONADO|MALDONADO
26500|ARTEAGA ALFREDO DE|ARTEAGA
26550|ARTIGAS GRAL. JOSE|ARTIGAS
26600|ARTILLEROS REGIMIENTO DE|ARTILLEROS
26650|ASAMBLEA|ASAMBLEA
26700|ASCASUBI HILARIO|ASCASUBI
26750|ASCOT|ASCOT
26800|ASTURIAS|ASTURIAS
26850|ASUNCION|ASUNCION
26900|ATACALCO|ATACALCO
26950|ATAHUALPA|ATAHUALPA
27000|ATLANTIDA|ATLANTIDA
27050|AUCELL MIGUEL|M. AUCELL
27100|AURORA|AURORA
27150|AUSTRALIA|AUSTRALIA
27200|AUSTRIA|AUSTRIA
27250|AVALOS CNEL. JOSE MARIA|AVALOS
27300|AVELLANEDA NICOLAS|AVELLANEDA
27350|AYACUCHO BATALLA DE|AYACUCHO
27400|AYALA GAUNA VELMIRO|AYALA GAUNA
27450|AYMARA|AYMARA
27500|AYOLAS JUAN DE|AYOLAS
27550|AZARA FELIX DE|AZARA
27600|AZCUENAGA CMTE. MIGUEL|AZCUENAGA
27650|AZOPARDO CRNEL. JUAN B|AZOPARDO
27700|AZURDUY JUANA|AZURDUY
27750|BACARIS|BACARIS
27800|BACLE CESAR HIPOLITO|C. BACLE
27850|BAHIA BLANCA|BAHIA BLANCA
27900|BAIGORRIA JUAN BAUTISTA|BAIGORRIA
27950|BAILEN BATALLA DE|BAILEN
28000|LA BAJADA|LA BAJADA
28050|BALBO ITALO|BALBO
28100|BALCARCE|BALCARCE
28150|BANCO NACION|BANCO NACION
28200|LOS BAÑOS|LOS BAÑOS
28250|BARBOSA RUI|RUI BARBOSA
28300|BARCALA CNEL. LORENZO|BARCALA
28350|BARCELONA|BARCELONA
28400|BARDAS NICOLAS ISIDRO|BARDAS
28450|BARILOCHE|BARILOCHE
28500|BARONE RAFAEL VICENTE|BARONE
28550|BARRA FEDERICO DE LA|BARRA
28650|BARRACO|BARRACO
28800|BATLLE Y ORDOÑEZ JOSE|BATLLE Y ORDOÑEZ
28850|BATLLE GRAL. LORENZO|L. BATLLE
28870|BAUDENASOA|BAUDENASOA
28900|BAUMESS CARLOS|BAUMESS
28950|BAYO SERVANDO|S. BAYO
29000|BECQUER GUSTAVO ADOLFO|BECQUER
29050|BEETHOVEN LUIS VAN|BEETHOVEN
29100|BEHRING EMILIO ADOLFO VON|BEHRING
29150|BELGRANO GRAL. MANUEL|BELGRANO
29200|BELLO JULIO A|J. BELLO
29250|BELTRAN FRAY LUIS|BELTRAN
29300|BEMPORAT|BEMPORAT
29350|BENEGAS TIBURCIO|BENEGAS
29400|BENITEZ CIPRIANO|BENITEZ
29450|BENITO ANA MARIA|BENITO
29500|BENSULEY RAFAEL|BENSULEY
29550|BERLIN|BERLIN
29600|BERMEJO|BERMEJO
29650|BERMUDEZ JOSE A|BERMUDEZ
29700|BERNA|BERNA
29750|POLLEDO CNEL. BERNALDES|POLLEDO
29800|BERNARDI CONSCRIPTO|BERNARDI
29850|BERNHEIM JOSE ALEJANDRO|BERNHEIM
29900|BERON DE ASTRADA CNEL|BERON DE ASTRADA
29950|BERRINI FRANCISCO JOSE|BERRINI
30000|BERTOLE EMILIA|BERTOLE
30050|BERUTI ANTONIO LUIS|BERUTI
30060|BESSONE|BESSONE
30100|BETINOTTI JOSE|BETINOTTI
30150|BIALET MASSE JUAN|BIALET MASSE
30200|BIANCHI ALFREDO ANTONIO|BIANCHI
30250|BIANCOFIORI DR. RAFAEL|BIANCOFIORI
30300|BIARRITZ|BIARRITZ
30350|BIEDMA CRNEL. MANUEL|BIEDMA
30400|BIELSA RAFAEL|BIELSA
30450|BIGATTI ALFREDO|BIGATTI
30460|BISELLI QUINTA|BISELLI
30480|BISOGNETTE|BISOGNETTE
30500|BLANCO ENCALADA MANUEL|ENCALADA
30550|BLANCO JUANA ELENA|J. E. BLANCO
77750|PIAGGIO ANGEL|PIAGGIO
77800|PIAMONTE|PIAMONTE
77850|PIANO|PIANO
77900|PIEDRABUENA LUIS|PIEDRABUENA
77950|PIEDRAS|PIEDRAS
77955|PIEMONTE|PIEMONTE
77960|PINASCO EMIGDIO|PINASCO
78000|PINAZO|PINAZO
78100|DE PINEDO|DE PINEDO
78150|PIÑERO DR. GARCIA PEDRO|PIÑERO GARCIA
79200|PONCE ANIBAL|PONCE
79250|PORTUGAL|PORTUGAL
79300|POTOSI|POTOSI
79350|POZOS|POZOS
79400|PRATS DOLORES|D. PRATS
79450|PRELLI JOSEFINA|PRELLI
79550|CINCO DE AGOSTO|CINCO DE AGOSTO
79600|PRIMAVERA|PRIMAVERA
78200|PINZON|PINZON
78250|PIRAYU|PIRAYU
78300|PIRIAPOLIS|PIRIAPOLIS
78350|PISCO|PISCO
78400|PITAGORAS|PITAGORAS
78450|PIZZURNO PABLO A|PIZZURNO
78500|PLANAS CASAS JOSE|PLANAS CASAS
78550|PLATINI ROQUE|PLATINI
78600|PLATON|PLATON
78650|PLAYA CHICA|PLAYA CHICA
78700|PLAZA ARGENTINA|PLAZA ARGENTINA
78750|PLAZA HUINCUL|PLAZA HUINCUL
78850|PLUMERILLO EL|EL PLUMERILLO
78900|PLUTARCO|PLUTARCO
78950|POBLET MARCELINO|POBLET
79000|POCITOS|POCITOS
79050|LOS PODESTA|LOS PODESTA
79100|MARCO POLO|MARCO POLO
79150|POLONIA|POLONIA
79650|PRIMERA JUNTA|1ERA. JUNTA
79700|PRIMERO DE MAYO|PRIMERO DE MAYO
79750|PRINGLES CNEL. JUAN PASCUA|PRINGLES
79800|PRIONI|PRIONI
79850|PROGRESO|PROGRESO
79900|PROVINCIAS UNIDAS|PCIAS. UNIDAS
79950|PRUSIA|PRUSIA
80000|PUCCINI GIACOMO|PUCCINI
80050|PUCCIO JOSE N|PUCCIO
80100|PUELCHE|PUELCHE
80150|PUENTE NEGRO|PTE. NEGRO
80200|BAZAN ROBERTO|R. BAZAN
80250|PUEYRREDON JUAN MARTIN DE|PUEYRREDON
80950|QUIROGA FACUNDO|F. QUIROGA
81000|QUIROGA HORACIO|H. QUIROGA
81050|QUITO|QUITO
81100|RACEDO TTE. GRAL. EDUARDO|RACEDO
80300|PUJATO DR. CANDIDO|C. PUJATO
80350|PUNTA DEL ESTE|PUNTA DEL ESTE
80400|PUNTA DEL INDIO|PUNTA DEL INDIO
80450|PUNTA LARA|PUNTA LARA
81150|RAFAELA|RAFAELA
81200|RAFFO|RAFFO
81250|RAMIREZ|RAMIREZ
81300|RAMOS MEJIA JOSE MARIA|RAMOS MEJIA
81330|RANQUELES|RANQUELES
80500|QUERANDI|QUERANDI
80550|QUERANDIES|QUERANDIES
80600|QUESADA VICENTE G Y ERNEST|QUESADA
80650|QUICHUAS|QUICHUAS
80700|QUILMES|QUILMES
80750|DE LA QUINTANA HILARION|H. DE LA QUINTANA
80800|QUINTANA PRESIDENTE MANUEL|PTE. QUINTANA
80850|QUINTANILLA|QUINTANILLA
80900|DE LOS QUINTEROS|DE LOS QUINTEROS
81350|RATTI CESAR|C. RATTI
81400|RAUCH FEDERICO|RAUCH
81450|RAVIGNANI EMILIO|RAVIGNANI
81500|RAWSON GUILLERMO|RAWSON
81550|RAZZORI AMILCAR|RAZZORI
81600|RECLUS ELISEO|RECLUS
81650|RECONQUISTA|RECONQUISTA
81700|REGIMIENTO 11|REGIMIENTO 11
81750|RENAN ERNESTO|RENAN
81800|RENAUD|RENAUD
81850|LA REPUBLICA|LA REPUBLICA
84600|SAAVEDRA CORNELIO|C. SAAVEDRA
84640|SABIN ALBERT|A. SABIN
84650|SABOYA|SABOYA
84700|SACHIAFFINO EDUARDO B|SACHIAFFINO
84750|SAENZ ANTONIO|SAENZ
84800|SAGUIER|SAGUIER
84850|SALAMANCA|SALAMANCA
81900|RESISTENCIA|RESISTENCIA
81950|REZZARA GAETANO|REZZARA
82000|RIACHUELO|RIACHUELO
82050|RICARDONE|RICARDONE
82052|RICART EDUARDO|RICART
82100|RICCHERI TTE. GRAL. PABLO|RICCHERI
82150|RIEGO RAFAEL DE|DE RIEGO
82200|RINCON|RINCON
82250|RIO ATUEL|RIO ATUEL
82300|RIO AYUI|RIO AYUI
82350|RIO DE JANEIRO|RIO DE JANEIRO
82400|RIO DULCE|RIO DULCE
82450|RIO GRANDE|RIO GRANDE
82500|RIO NEGRO|RIO NEGRO
82550|RIO SALADO|RIO SALADO
82600|RIOBAMBA|RIOBAMBA
82650|RIOJA|RIOJA
82700|RISSO ROMILDO|RISSO
82720|RIVA|RIVA
82750|RIVA FRANCISCO|Dr.F.RIVA
82800|RIVADAVIA BERNARDINO|RIVADAVIA
82850|COMODORO RIVADAVIA|CMDRO. RIVADAVIA
82900|RIVAROLA DR. RODOLFO|R. RIVAROLA
82950|RIVAROLA PANTALEON|P. RIVAROLA
83000|RIVERA INDARTE JOSE|RIVERA INDARTE
83050|RIVERA PEDRO IGNACIO|P. RIVERA
83100|RIZZUTO FRANCISCO ANTONIO|RIZZUTO
83150|ROBERTSON GUILLERMO Y JUAN|ROBERTSON
83200|ROBLES JOSE F|ROBLES
83250|ROCA PTE. JULIO ARGENTINO|PTE. ROCA
83300|RODO JOSE ENRIQUE|RODO
83350|RODRIGUEZ DE ESCOBEDO|R.  DE ESCOBEDO
83400|RODRIGUEZ PEÑA NICOLAS|RODRIGUEZ PEÑA
83450|RODRIGUEZ MARTIN|MARTIN RODRIGUEZ
83500|ROJAS RICARDO|ROJAS
83550|ROLDAN BELISARIO|ROLDAN
83570|ROLETTO|ROLETTO
83600|ROMA|ROMA
83650|ROMERO DE PINEDA|R. DE PINEDA
83700|RONCHI|RONCHI
83720|RONCAGLIA|RONCAGLIA
83750|RONDEAU GRAL. JOSE|RONDEAU
83800|ROSA BLANCA|ROSA BLANCA
83850|ROSA SILVESTRE|ROSA SILVESTRE
83900|ROSALES LEONARDO|ROSALES
84150|ROSS RODRIGO M|R. ROSS
84200|ROSSINI|ROSSINI
84250|ROUILLON ALFREDO|ROUILLON
84300|RUEDA MIGUEL|RUEDA
84350|ESCAURIZA PERITO CARLOS|ESCAURIZA
84400|RUIZ DR. FERNANDO|DR. F. RUIZ
84450|RUIZ|RUIZ
84500|RUSIÑOL|RUSIÑOL
84550|SAAVEDRA LAMAS CARLOS|SAAVEDRA LAMAS
84900|SALDIAS ADOLFO|SALDIAS
84950|SALGUERO DE CABRERA Y|SALGUERO
88170|SILVIA|SILVIA
88200|SINOPOLIS|SINOPOLIS
88250|SIPE-SIPE|SIPE SIPE
88300|SIRACUSA|SIRACUSA
88350|SIRIA REPUBLICA DE|SIRIA
88450|SITJAS|SITJAS
88500|SIVORI|SIVORI
85000|DE LA SALLE JUAN BAUTISTA|DE LA SALLE
85050|SALTA|SALTA
85100|SALVA MALQUIADES|SALVA
85150|SALVADOR REPUBLICA DEL|R. DEL SALVADOR
85200|SALVAT|SALVAT
85250|SAN CARLOS|SAN CARLOS
85300|SAN CRISTOBAL|SAN CRISTOBAL
85350|SAN FRANCISCO SOLANO|SAN FCO. SOLANO
85400|SAN FRANCISCO|SAN FRANCISCO
85450|SAN GERONIMO|SAN GERONIMO
85500|SAN JACINTO|SAN JACINTO
85550|SAN JOSE DE CALASANZ|JOSE DE CALASANZ
85600|SAN JUAN DE LUZ|SAN JUAN DE LUZ
85650|SAN JUAN|SAN JUAN
85700|SAN LORENZO|SAN LORENZO
85750|SAN LUIS|SAN LUIS
85800|SAN MARTIN GRAL. JOSE|SAN MARTIN
85850|SAN NICOLAS|SAN NICOLAS
85900|SAN PATRICIO|SAN PATRICIO
85950|SANCHEZ DE BUSTAMANTE TEO|S. DE BUSTAMANTE
86000|SANCHEZ DE LORIA MARIANO|SANCHEZ DE LORIA
86050|SANCHEZ DE THOMPSON MARIQUITA|S. DE THOMPSON
86100|SANCHEZ DE TRIANA|SANCHEZ DE TRIANA
86150|SANCHEZ ESTANISLAO|ESTANISLAO SANCHEZ
86200|SANCHEZ FLORENCIO|FLORENCIO SANCHEZ
45330|DE ARANA y GOIRI SABINO|S. DE ARANA
86300|SANCHO PANZA|SANCHO PANZA
86350|SANCTI SPIRITU|SANCTI SPIRITU
86400|SANGUINETTI|SANGUINETTI
86500|SANTA CRUZ|SANTA CRUZ
86550|SANTA FE|SANTA FE
86600|SANTA ISABEL|SANTA ISABEL
86650|SANTA MARIA DE ORO JUSTO|SANTA MARIA DE ORO
86700|SANTA MARIA|SANTA MARIA
86750|SANTA MATILDE|SANTA MATILDE
86800|SANTA RITA PASILLO|SANTA RITA
86850|SANTA ROSA DE LIMA|SANTA ROSA DE LIMA
86900|SANTA TERESITA|SANTA TERESITA
86950|SANTAFESINO O SANTAFECINO|SANTAFESINO
87000|SANTANGEL LUIS DE|SANTANGEL
87050|SANTIAGO|SANTIAGO
87100|SANTILLAN FRANCISCO|SANTILLAN
87150|SARANDI|SARANDI
87200|SARAVIA APARICIO|SARAVIA
87250|SARJAR|SARJAR
87300|SARMIENTO DOMINGO FAUSTINO|SARMIENTO
87350|SARRATEA MANUEL DE|SARRATEA
87400|SASTRE MARCOS|M. SASTRE
87450|SAUCE|SAUCE
87500|SAVIO GRAL. MANUEL|GRAL. SAVIO
87550|SAYACU|SAYACU
87600|SCHENONE MAESTRO|SCHENONE
87650|SCHIAVONI AUGUSTO|SCHIAVONI
87700|SCHMILD UTZ|SCHMILD
87750|SCHWEITZER ALBERT|SCHWEITZER
87800|SEBER|SEBER
87850|SEGUI JUAN FRANCISCO|SEGUI
87900|SEIS DE DICIEMBRE|6 DE DICIEMBRE
87950|DIEZ DE DICIEMBRE|10 DE DICIEMBRE
88000|SERRANO JUAN MARIA|SERRANO
88050|SERVELLERA PEDRO|SERVELLERA
88100|SICILIA|SICILIA
88150|SILVA CAYETANO|C. SILVA
88550|SOAJE JOSE FERMIN|J. SOAJE
88600|SOHLE JOSE E|J. SOHLE
88650|SOL DE MAYO|SOL DE MAYO
88700|SOLDATI OSCAR|SOLDATI
88750|NUEVA CALLE A SOLDINI|NUEVA C. A SOLDINI
88800|ANTIGUA CALLE A SOLDINI|ANT. C. A SOLDINI
88850|SOLIS JUAN DIAZ DE|J. SOLIS
88900|SOMOZA FEDERICO|SOMOZA
88950|SORRENTO|SORRENTO
89000|SOSNEADO|SOSNEADO
89050|SOTOMAYOR NICOLAS|SOTOMAYOR
89100|SPEGAZZINI CARLOS|SPEGAZZINI
89150|SPEZIA|SPEZIA
89200|SPIRO MIGUEL SAMUEL|SPIRO
89250|STAFFIERI DAVID|STAFFIERI
89300|STELLA HUGO|STELLA
89850|SUPERI COMANDANTE JOSE|SUPERI
89900|SURIGUEZ Y ACHA CARLOS|SURIGUEZ Y ACHA
89350|STEPHENSON JORGE|STEPHENSON
89400|STORNI ALFONSINA|A. STORNI
89450|SUAREZ  BUENAVENTURA|BUENAVENTU SUAREZ
89500|SUAREZ MANUEL ISIDRO|MANUEL SUAREZ
89550|SUAREZ JOAQUIN|JOAQUIN SUAREZ
89600|SUCRE ANTONIO JOSE DE|SUCRE
89650|SUGASTI ING. JUAN|SUGASTI
89700|SUIPACHA|SUIPACHA
89750|SUIZA|SUIZA
89800|SUNCHALES|SUNCHALES
89950|SWIFT|SWIFT
90000|TABARE|TABARE
90050|TACUARI|TACUARI
90100|TAFI|TAFI
90150|TALCA|TALCA
90200|TALCAHUANO|TALCAHUANO
90250|TALTAVULL JUAN|TALTAVULL
90270|TALUCCO|TALUCCO
90300|GIACCONE RVDO. RICARDO A|GIACCONE
90350|TANDIL|TANDIL
90400|TARIJA|TARIJA
92200|TRIUNVIRATO|TRIUNVIRATO
92250|TRIVES|TRIVES
92300|TUCUMAN|TUCUMAN
92350|TUELLA PEDRO|TUELLA
92400|TUNEL|TUNEL
92450|TUPAC AMARU JOSE GABRIEL|TUPAC AMARU
90450|TARRAGONA JUAN FRANCISCO|TARRAGONA
90460|TARRICO DR. JORGE|TARRICO
90470|TAVERNETTE|TAVERNETTE
90500|TABARES DR. CESAR R|C. TABARES
90550|TEHUELCHES|TEHUELCHES
90600|TEJEDA LUIS JOSE DE|TEJEDA
90650|TELLIER ING. CARLOS|TELLIER
90700|TEMPERLEY|TEMPERLEY
90750|TEMPLE SANTIAGO|S. TEMPLE
90800|TERMOPOLIS|TERMOPOLIS
90900|TESLA NICOLAS|N. TESLA
90950|THAMES JOSE IGNACIO|THAMES
91000|THEDY ING. HECTOR|THEDY
91050|THOMPSON CNEL MARTIN J|THOMPSON
91100|THORNE JUAN|THORNE
91150|TIERRA DEL FUEGO|TIERRA DEL FUEGO
91200|TILCARA|TILCARA
91250|TIMBO|TIMBO
91300|TIMBUES|TIMBUES
91350|TISCORNIA|TISCORNIA
91400|TOBAS|TOBAS
91450|FONSECA ILDEFONSO CONCEJAL|FONSECA
91500|TORATA|TORATA
91510|TORINO|TORINO
91550|TORRE REVELLO JOSE|TORRE REVELLO
91600|DE LA TORRE LISANDRO|DE LA TORRE
91650|TOSSI EMILIO|TOSSI
91700|DE LOS TRABAJADORES|DE L. TRABAJADORES
91710|DE LOS ROBLES|DE LOS ROBLES
91712|DE LAS ACACIAS|DE LAS ACACIAS
91714|DE LOS JACARANDAES|DE LOS JACARANDAES
91715|DE LOS TILOS|DE LOS TILOS
91716|DE LOS CIPRESES|DE LOS CIPRESES
91717|DEL LAUREL|DEL LAUREL
91718|DEL AGUARIBAY|DEL AGUARIBAY
91719|DEL CEIBAL|DEL CEIBAL
91720|DEL OMBU|DEL OMBU
91750|DIARIO LA CAPITAL|DIARIO LA CAPITAL
91800|TRAFUL|TRAFUL
91850|TRAVELLA|TRAVELLA
91950|TRECE DE AGOSTO|13 DE AGOSTO
92000|TREJO Y SANABRIA FERNANDO|TREJO Y SANABRIA
92050|TRENTO|TRENTO
92100|TRES DE FEBRERO|3 DE FEBRERO
92150|TRES SARGENTOS|TRES SARGENTOS
92500|TURIN|TURIN
92550|TUYUTI|TUYUTI
92600|UGARTE MARCELINO|MARCELINO UGARTE
92650|UGARTECHE FRANCISCO JUAN|UGARTECHE
92700|ULISES|ULISES
92750|UNDUBARRENA SATURNINO|UNDUBARRENA
92800|UNION|UNION
92850|URDINARRAIN|URDINARRAIN
92900|URIARTE PEDRO FRANCISCO D|URIARTE
92950|URIBURU PTE. JOSE EVARISTO|URIBURU
97200|ZELAYA CORNELIO|ZELAYA
97250|ZENO ARTEMIO|ZENO
97300|ZINNY ANTONIO ABRAHAM|ZINNY
97350|ZOLA EMILIO|ZOLA
97400|ZOLESSI|ZOLESSI
97420|ZUCCHEA|ZUCCHEA
97450|ZUVIRIA JUEZ JOSE MARIA|J. M. ZUVIRIA
97500|ZUVIRIA|ZUVIRIA
93000|URIZAR MARCELO|URIZAR
93050|URQUIZA GRAL. JUSTO JOSE|URQUIZA
93100|URRACO ANTONIO|URRACO
93150|URUGUAY REPUBLICA ORIENTAL|URUGUAY
93200|URUNDAY|URUNDAY
93250|VALDES DR. FEDERICO B|VALDES
93300|VALLE DE HUAURA|VALLE DE HUAURA
93350|VALLE HERMOSO|VALLE HERMOSO
93400|DEL VALLE IBERLUCEA E. (N)|DEL V. IBERLUCEA N
93450|DEL VALLE IBERLUCEA E. (S)|DEL V. IBERLUCEA S
93500|DEL VALLE IBERLUCEA ENRIQU|DEL V. IBERLUCEA
93550|DEL VALLE ARISTOBULO|ARISTOB. DEL VALLE
93600|VALPARAISO|VALPARAISO
93650|VARELA JUAN C  Y FLORENCIO|VARELA
93700|VASALLO DR. BARTOLOME|VASALLO
93750|VEDIA|VEDIA
93800|VEGA CNEL. NICETO|CNEL. VEGA
93850|VEINTE DE JULIO|20 DE JULIO
93900|VEINTE DE JUNIO|20 DE JUNIO
93950|VEINTICINCO DE MAYO|25 DE MAYO
94000|VEINTICUATRO DE SEPTIEMBRE|24 DE SETIEMBRE
94050|VEINTISEIS DE AGOSTO|26 DE AGOSTO
94100|VEINTISIETE DE FEBRERO|27 DE FEBRERO
94150|VELEZ SARSFIELD DALMACIO|V. SARSFIELD
94200|VELEZ JUAN|JUAN  VELEZ
94250|VENCES|VENCES
94300|CHAPO JOSE|J. CHAPO
94350|VENEZUELA|VENEZUELA
94400|VERA MUJICA FRANCISCO|VERA MUJICA
94450|VERA Y PINTADO BERNARDO|VERA Y PINTADO
94500|VERANO|VERANO
94550|VERGARA|VERGARA
94600|VERTIZ Y SALCEDO VIRREY|VERTIZ Y SALCEDO
94650|VESPUCIO AMERICO|VESPUCIO
94700|VIAMONTE JUAN JOSE|VIAMONTE
94900|VIEYTES HIPOLITO|VIEYTES
94950|VIJANDE|VIJANDE
95000|VILA DR. LUIS A|L. VILA
95050|VILAZAR|VILAZAR
95100|VILLA DEL PARQUE|VILLA DEL PARQUE
95170|VILLAFRANCA|VILLAFRANCA
95200|VILLALOBOS|VILLALOBOS
95250|VILLAR|VILLAR
95300|VILLARINO|VILLARINO
95350|VILLEGAS GRAL. CONRADO|VILLEGAS
95400|VIÑA DEL MAR|VIÑA DEL MAR
95450|SABATTINI AMADEO TOMAS|SABATTINI
95500|VIOLETA|VIOLETA
95550|VIRARO|VIRARO
96100|WASHINGTON JORGE|WASHINGTON
96150|WERNICKE ROSA|WERNICKE
96200|WHEELWRIGHT GUILLERMO|WHEELWRIGHT
96250|WHITE GUILLERMO|WHITE
96300|WILDE DR. EDUARDO|WILDE
95570|VIOTTO|VIOTTO
95600|VIRASORO GRAL. BENJAMIN|VIRASORO
95650|VIRGILIO MARON PUBLIO|VIRGILIO M
94270|VENESIA GUALBERTO|VENESIA
95800|VOLTA ALEJANDRO|VOLTA
95850|VUCETICH JUAN|VUCETICH
95900|VUELTA DE OBLIGADO|VUELTA DE OBLIGADO
95950|WAGNER EMILIO R  Y DUNCAN|EMILIO WAGNER
96000|WAGNER RICARDO|RICARDO WAGNER
96050|WARNES IGNACIO|IGNACIO WARNES
96350|WILLIAMS ALBERTO|WILLIAMS
96400|WILSON TOMAS W|WILSON
96450|WINDELS|WINDELS
96500|WINTER CORONEL|WINTER
96550|WOOD TOMAS B. Y JOSE R|WOOD
96600|YAMANDU|YAMANDU
96650|YAPEYU|YAPEYU
96700|YATASTO|YATASTO
96750|YATAY|YATAY
96800|YERUA|YERUA
96850|YUGOSLAVIA REPUBLICA|YUGOSLAVIA
96900|ZABALA|ZABALA
96950|ZAINO SALVADOR|ZAINO
97000|ZANNI MAYOR|ZANNI
97050|ZAPIOLA GRAL. JOSE MATIAS|ZAPIOLA
97100|ZAVALLA|ZAVALLA
97150|ZEBALLOS DR. ESTANISLAO|ZEBALLOS
98000|ESTEVEZ ROBERTO NESTOR|R. ESTEVEZ
98001|1849|Calle 1849
98003|1851|Calle 1851
98004|1852|Pje. 1852
98006|1854|Pje. 1854
98008|1856|Pje. 1856
98010|1858|Pje. 1858
98012|1860|Pje. 1860
98014|1862|Pje. 1862
98016|1864|Pje. 1864
98018|1866|Pje. 1866
98020|1868|Pje. 1868
98022|AGUZZI ENRIQUE|E. AGUZZI
99700|AUTOPISTA ERNESTO CHE GUEVARA|AUTOP. CHE GUEVARA
99800|AUTOPISTA ROSARIO-BS AS|AUT. ROSARIO-BS AS
99900|AUTOPISTA ROSARIO-SANTA FE|AUT.ROSARIO-STA FE
53751|GIANNEO LUIS SUR|L. GIANNEO (SUR)
16189|1743|Calle 1743
19022|2036|Pje. 2036
98024|DOS HERMANAS|DOS HERMANAS
98005|1853|Pje. 1853
98027|1876|Pje. 1876
98025|1874|Pje. 1874
2664|COLIN BAIN CALDER|COLIN B. CALDER
12226|FAVALORO RENE|R. FAVALORO
20568|2148|Calle  2148
20570|2150|Calle  2150
20542|2139|Pje. 2139
20561|2141|Pje. 2141
98029|1878|Pje. 1878
3055|1003|Pje. 1003
28930|BAYARDO LITO|L. BAYARDO
18|PERDRIEL GREGORIO|GREGORIO PERDRIEL
147|303|Pje. 303
64220|MADRES DE PLAZA 25 DE MAYO|MADRES P. 25 DE MAYO
31960|BRAVO ALFREDO|A. BRAVO
68960|MONTES ALBERTO|A. MONTES
11951|1517|Pje. 1517
14761|1665|Calle 1665
18120|1913|Calle 1913
18152|1916|Calle 1916
4004|1221|Pje. 1221
11342|GATTI AVIADOR|GATTI
2368|610|Calle 610
2264|544|Pje. 544
2266|546|Pje. 546
2263|543|Calle 543
2268|548|Pje. 548
7663|1398|Pje. 1398
7664|1399|Calle 1399
7665|13100|Pje. 13100
7666|13101|Calle 13101
7667|13102|Calle 13102
7668|13103|Pje. 13103
7669|13104|Pje. 13104
7670|13105|Calle 13105
7671|13106|Pje. 13106
2270|550|Calle 550
36220|CARDENAL|CARDENAL
77860|PICAFLOR|PICAFLOR
2905|811|Calle 811
2261|541|Calle 541
20572|2152|Calle 2152
14778|1682|Pje.1682
14780|1684|Pje.1684
14763|1667|Calle 1667
62410|DE LA MEMORIA|DE LA MEMORIA
11327|1487|Pje. 1487
11346|14106|Pje. 14106
11348|14108|Pje.14108
4008|1225|Calle 1225
2449|703|Pje. 703
2451|705|Pje. 705
2501|707|Pje. 707
2671|724|Pje. 724
4010|1227|Calle 1227
98501|14110|Pje. 14110
7672|13107|Pje. 13107
7674|13109|Pje. 13109
11344|PIZZAROTTI RICARDO|R.PIZZAROTTI
2447|DE LORENZI ERMETE|DE LORENZI
29140|BELEN|BELEN
92310|TUKU|PJE.PEAT. TUKU
7676|13111|Pje.13111
7678|13113|Pje.13113
7677|13112|Pje.13112
98038|1886|Pje.1886
98036|1884|Pje.1884
22060|ALFONSIN RAUL RICARDO|R. R. ALFONSIN
98505|14114|Pje. 14114
2370|612|Pje. 612
2665|718|Pje. 718
2667|720|Pje. 720
76956|SILVA BRAGA PASCUAL|P.SILVA BRAGA
98601|1915|Calle 1915
98602|1917|Calle 1917
98603|1919|Calle 1919
47560|ECHEVARRIA MARIA CATALINA|M.ECHEVARRIA
7680|13115|Calle 13115
7673|13108|Pje. 13108
45640|DE LAS PALMERAS|DE LAS PALMERAS
4012|1229|Pje. 1229
4009|1226|Pje. 1226
4014|1231|Pje. 1231
4006|1223|Calle 1223
98034|1882|Calle 1882
98032|1880|Calle 1880
7679|13114|Calle 13114
7681|13116|Calle 13116
7683|13118|Calle 13118
7685|13120|Calle 13120
7687|13122|Calle 13122
7689|13124|Calle 13124
7691|13126|Calle 13126
7693|13128|Pje.13128
3232|1117|Pje. 1117|